timestamp,event_id,user,workload,container_id,gpu_uuid,process,gpu_utilization_pct,memory_utilization_pct,power_watts,bytes_out_mb,destination,image_signed,privileged,host_pid_access,model_access,model_name,attestation_trusted,scenario,label,split
2026-08-12T00:00:00+00:00,evt-trusted_-0000,user-00,job-00,ctr-00,GPU-DEMO-0001,cuda-benchmark,93.911,30.194,315.09,206.979,backup.example.invalid,False,False,False,True,sentinel-7b-demo,True,trusted_training,benign,test
2026-08-12T00:05:00+00:00,evt-trusted_-0001,user-01,job-01,ctr-01,GPU-DEMO-0002,python-train,73.505,64.733,251.605,0.306,model-registry.internal,True,False,False,True,sentinel-7b-demo,True,trusted_training,benign,train
2026-08-12T00:10:00+00:00,evt-trusted_-0002,user-02,job-02,ctr-02,GPU-DEMO-0003,python-train,74.973,94.36,245.331,0.457,model-registry.internal,True,False,False,True,sentinel-7b-demo,True,trusted_training,benign,train
2026-08-12T00:15:00+00:00,evt-trusted_-0003,user-03,job-03,ctr-03,GPU-DEMO-0001,tritonserver,77.082,73.494,255.591,0.305,model-registry.internal,True,False,False,True,sentinel-7b-demo,True,trusted_training,benign,train
2026-08-12T00:20:00+00:00,evt-trusted_-0004,user-04,job-04,ctr-04,GPU-DEMO-0002,python-train,70.846,57.135,201.69,0.33,model-registry.internal,True,False,False,True,sentinel-7b-demo,True,trusted_training,benign,train
2026-08-12T00:25:00+00:00,evt-trusted_-0005,user-05,job-05,ctr-05,GPU-DEMO-0003,python-train,66.219,70.844,237.452,0.327,model-registry.internal,True,False,False,True,sentinel-7b-demo,True,trusted_training,benign,train
2026-08-12T00:30:00+00:00,evt-trusted_-0006,user-06,job-06,ctr-06,GPU-DEMO-0001,tritonserver,62.554,85.741,235.758,0.466,model-registry.internal,True,False,False,True,sentinel-7b-demo,True,trusted_training,benign,test
2026-08-12T00:35:00+00:00,evt-trusted_-0007,user-07,job-07,ctr-07,GPU-DEMO-0002,python-train,86.754,62.181,261.437,0.453,model-registry.internal,True,False,False,True,sentinel-7b-demo,True,trusted_training,benign,train
2026-08-12T00:40:00+00:00,evt-trusted_-0008,user-00,job-08,ctr-08,GPU-DEMO-0003,python-train,79.297,74.195,216.093,0.4,model-registry.internal,True,False,False,True,sentinel-7b-demo,True,trusted_training,benign,train
2026-08-12T00:45:00+00:00,evt-trusted_-0009,user-01,job-09,ctr-09,GPU-DEMO-0001,tritonserver,77.798,84.949,227.505,0.55,model-registry.internal,True,False,False,True,sentinel-7b-demo,True,trusted_training,benign,train
2026-08-12T00:50:00+00:00,evt-trusted_-0010,user-02,job-10,ctr-10,GPU-DEMO-0002,python-train,51.418,80.826,218.018,0.099,model-registry.internal,True,False,False,True,sentinel-7b-demo,True,trusted_training,benign,train
2026-08-12T00:55:00+00:00,evt-trusted_-0011,user-03,job-11,ctr-11,GPU-DEMO-0003,python-train,78.294,83.348,216.641,0.489,model-registry.internal,True,False,False,True,sentinel-7b-demo,True,trusted_training,benign,train
2026-08-12T01:00:00+00:00,evt-trusted_-0012,user-04,job-00,ctr-00,GPU-DEMO-0001,tritonserver,56.057,87.295,181.978,0.122,model-registry.internal,True,False,False,True,sentinel-7b-demo,True,trusted_training,benign,test
2026-08-12T01:05:00+00:00,evt-trusted_-0013,user-05,job-01,ctr-01,GPU-DEMO-0002,python-train,71.407,82.676,242.003,0.461,model-registry.internal,True,False,False,True,sentinel-7b-demo,True,trusted_training,benign,train
2026-08-12T01:10:00+00:00,evt-trusted_-0014,user-06,job-02,ctr-02,GPU-DEMO-0003,python-train,57.425,68.746,305.228,0.207,model-registry.internal,True,False,False,True,sentinel-7b-demo,True,trusted_training,benign,train
2026-08-12T01:15:00+00:00,evt-trusted_-0015,user-07,job-03,ctr-03,GPU-DEMO-0001,tritonserver,66.466,70.677,243.171,0.408,model-registry.internal,True,False,False,True,sentinel-7b-demo,True,trusted_training,benign,train
2026-08-12T01:20:00+00:00,evt-trusted_-0016,user-00,job-04,ctr-04,GPU-DEMO-0002,python-train,49.908,75.857,235.58,0.326,model-registry.internal,True,False,False,True,sentinel-7b-demo,True,trusted_training,benign,train
2026-08-12T01:25:00+00:00,evt-trusted_-0017,user-01,job-05,ctr-05,GPU-DEMO-0003,python-train,57.63,64.78,277.564,0.291,model-registry.internal,True,False,False,True,sentinel-7b-demo,True,trusted_training,benign,train
2026-08-12T01:30:00+00:00,evt-trusted_-0018,user-02,job-06,ctr-06,GPU-DEMO-0001,tritonserver,87.304,81.725,267.52,0.267,model-registry.internal,True,False,False,True,sentinel-7b-demo,True,trusted_training,benign,test
2026-08-12T01:35:00+00:00,evt-trusted_-0019,user-03,job-07,ctr-07,GPU-DEMO-0002,python-train,59.859,72.199,215.447,0.455,model-registry.internal,True,False,False,True,sentinel-7b-demo,True,trusted_training,benign,train
2026-08-12T01:40:00+00:00,evt-trusted_-0020,user-04,job-08,ctr-08,GPU-DEMO-0003,python-train,90.532,75.217,207.133,0.421,model-registry.internal,True,False,False,True,sentinel-7b-demo,True,trusted_training,benign,train
2026-08-12T01:45:00+00:00,evt-trusted_-0021,user-05,job-09,ctr-09,GPU-DEMO-0001,tritonserver,59.711,78.183,186.916,0.374,model-registry.internal,True,False,False,True,sentinel-7b-demo,True,trusted_training,benign,train
2026-08-12T01:50:00+00:00,evt-trusted_-0022,user-06,job-10,ctr-10,GPU-DEMO-0002,python-train,87.884,71.733,256.689,0.241,model-registry.internal,True,False,False,True,sentinel-7b-demo,True,trusted_training,benign,train
2026-08-12T01:55:00+00:00,evt-trusted_-0023,user-07,job-11,ctr-11,GPU-DEMO-0003,python-train,58.774,63.669,244.529,0.248,model-registry.internal,True,False,False,True,sentinel-7b-demo,True,trusted_training,benign,train
2026-08-12T02:00:00+00:00,evt-trusted_-0024,user-00,job-00,ctr-00,GPU-DEMO-0001,tritonserver,65.608,82.198,270.967,0.542,model-registry.internal,True,False,False,True,sentinel-7b-demo,True,trusted_training,benign,test
2026-08-12T02:05:00+00:00,evt-trusted_-0025,user-01,job-01,ctr-01,GPU-DEMO-0002,python-train,57.369,66.865,245.964,0.17,model-registry.internal,True,False,False,True,sentinel-7b-demo,True,trusted_training,benign,train
2026-08-12T02:10:00+00:00,evt-trusted_-0026,user-02,job-02,ctr-02,GPU-DEMO-0003,python-train,66.665,76.568,266.063,0.23,model-registry.internal,True,False,False,True,sentinel-7b-demo,True,trusted_training,benign,train
2026-08-12T02:15:00+00:00,evt-trusted_-0027,user-03,job-03,ctr-03,GPU-DEMO-0001,tritonserver,53.563,75.579,241.477,0.24,model-registry.internal,True,False,False,True,sentinel-7b-demo,True,trusted_training,benign,train
2026-08-12T02:20:00+00:00,evt-trusted_-0028,user-04,job-04,ctr-04,GPU-DEMO-0002,python-train,51.957,63.179,214.179,0.222,model-registry.internal,True,False,False,True,sentinel-7b-demo,True,trusted_training,benign,train
2026-08-12T02:25:00+00:00,evt-trusted_-0029,user-05,job-05,ctr-05,GPU-DEMO-0003,model-checkpoint,67.685,72.708,231.159,107.53,backup.example.invalid,True,False,False,True,sentinel-7b-demo,True,trusted_training,benign,train
2026-08-12T02:30:00+00:00,evt-trusted_-0030,user-06,job-06,ctr-06,GPU-DEMO-0001,tritonserver,67.62,72.442,214.884,0.477,model-registry.internal,True,False,False,True,sentinel-7b-demo,True,trusted_training,benign,test
2026-08-12T02:35:00+00:00,evt-trusted_-0031,user-07,job-07,ctr-07,GPU-DEMO-0002,python-train,57.123,78.351,224.288,0.709,model-registry.internal,True,False,False,True,sentinel-7b-demo,True,trusted_training,benign,train
2026-08-12T02:40:00+00:00,evt-trusted_-0032,user-00,job-08,ctr-08,GPU-DEMO-0003,python-train,63.837,77.751,214.51,0.147,model-registry.internal,True,False,False,True,sentinel-7b-demo,True,trusted_training,benign,train
2026-08-12T02:45:00+00:00,evt-trusted_-0033,user-01,job-09,ctr-09,GPU-DEMO-0001,tritonserver,46.21,88.491,228.948,0.442,model-registry.internal,True,False,False,True,sentinel-7b-demo,True,trusted_training,benign,train
2026-08-12T02:50:00+00:00,evt-trusted_-0034,user-02,job-10,ctr-10,GPU-DEMO-0002,python-train,78.685,65.466,218.555,0.251,model-registry.internal,True,False,False,True,sentinel-7b-demo,True,trusted_training,benign,train
2026-08-12T02:55:00+00:00,evt-trusted_-0035,user-03,job-11,ctr-11,GPU-DEMO-0003,python-train,82.168,75.602,249.644,0.737,model-registry.internal,True,False,False,True,sentinel-7b-demo,True,trusted_training,benign,train
2026-08-12T03:00:00+00:00,evt-trusted_-0036,user-04,job-00,ctr-00,GPU-DEMO-0001,tritonserver,55.819,82.259,251.398,0.142,model-registry.internal,True,False,False,True,sentinel-7b-demo,True,trusted_training,benign,test
2026-08-12T03:05:00+00:00,evt-trusted_-0037,user-05,job-01,ctr-01,GPU-DEMO-0002,python-train,65.567,59.824,273.248,0.105,model-registry.internal,True,False,False,True,sentinel-7b-demo,True,trusted_training,benign,train
2026-08-12T03:10:00+00:00,evt-trusted_-0038,user-06,job-02,ctr-02,GPU-DEMO-0003,python-train,74.784,82.586,242.366,0.144,model-registry.internal,True,False,False,True,sentinel-7b-demo,True,trusted_training,benign,train
2026-08-12T03:15:00+00:00,evt-trusted_-0039,user-07,job-03,ctr-03,GPU-DEMO-0001,tritonserver,69.037,71.752,264.299,0.533,model-registry.internal,True,False,False,True,sentinel-7b-demo,True,trusted_training,benign,train
2026-08-12T03:20:00+00:00,evt-trusted_-0040,user-00,job-04,ctr-04,GPU-DEMO-0002,python-train,64.066,69.055,291.458,0.135,model-registry.internal,True,False,False,True,sentinel-7b-demo,True,trusted_training,benign,train
2026-08-12T03:25:00+00:00,evt-trusted_-0041,user-01,job-05,ctr-05,GPU-DEMO-0003,python-train,78.692,80.892,225.713,0.363,model-registry.internal,True,False,False,True,sentinel-7b-demo,True,trusted_training,benign,train
2026-08-12T03:30:00+00:00,evt-trusted_-0042,user-02,job-06,ctr-06,GPU-DEMO-0001,tritonserver,74.821,77.148,246.934,0.172,model-registry.internal,True,False,False,True,sentinel-7b-demo,True,trusted_training,benign,test
2026-08-12T03:35:00+00:00,evt-trusted_-0043,user-03,job-07,ctr-07,GPU-DEMO-0002,cuda-benchmark,89.761,46.634,289.35,0.246,model-registry.internal,True,False,False,True,sentinel-7b-demo,True,trusted_training,benign,train
2026-08-12T03:40:00+00:00,evt-trusted_-0044,user-04,job-08,ctr-08,GPU-DEMO-0003,python-train,58.681,61.401,210.21,0.318,model-registry.internal,True,False,False,True,sentinel-7b-demo,True,trusted_training,benign,train
2026-08-12T03:45:00+00:00,evt-trusted_-0045,user-05,job-09,ctr-09,GPU-DEMO-0001,tritonserver,76.62,73.453,249.686,0.262,model-registry.internal,True,False,False,True,sentinel-7b-demo,True,trusted_training,benign,train
2026-08-12T03:50:00+00:00,evt-trusted_-0046,user-06,job-10,ctr-10,GPU-DEMO-0002,python-train,64.269,57.688,218.291,0.175,model-registry.internal,True,False,False,True,sentinel-7b-demo,True,trusted_training,benign,train
2026-08-12T03:55:00+00:00,evt-trusted_-0047,user-07,job-11,ctr-11,GPU-DEMO-0003,python-train,82.042,65.083,204.945,0.269,model-registry.internal,True,False,False,True,sentinel-7b-demo,True,trusted_training,benign,train
2026-08-12T04:00:00+00:00,evt-trusted_-0048,user-00,job-00,ctr-00,GPU-DEMO-0001,tritonserver,49.798,60.249,267.744,0.216,model-registry.internal,True,False,False,True,sentinel-7b-demo,True,trusted_training,benign,test
2026-08-12T04:05:00+00:00,evt-trusted_-0049,user-01,job-01,ctr-01,GPU-DEMO-0002,python-train,61.999,65.779,270.872,0.854,model-registry.internal,True,False,False,True,sentinel-7b-demo,True,trusted_training,benign,train
2026-08-12T04:10:00+00:00,evt-trusted_-0050,user-02,job-02,ctr-02,GPU-DEMO-0003,python-train,49.537,83.522,239.855,0.531,model-registry.internal,True,False,False,True,sentinel-7b-demo,True,trusted_training,benign,train
2026-08-12T04:15:00+00:00,evt-trusted_-0051,user-03,job-03,ctr-03,GPU-DEMO-0001,tritonserver,72.384,73.589,237.535,0.288,model-registry.internal,True,False,False,True,sentinel-7b-demo,True,trusted_training,benign,train
2026-08-12T04:20:00+00:00,evt-trusted_-0052,user-04,job-04,ctr-04,GPU-DEMO-0002,python-train,98.678,69.62,202.576,0.29,model-registry.internal,True,False,False,True,sentinel-7b-demo,True,trusted_training,benign,train
2026-08-12T04:25:00+00:00,evt-trusted_-0053,user-05,job-05,ctr-05,GPU-DEMO-0003,python-train,77.658,66.294,247.409,0.14,model-registry.internal,True,False,False,True,sentinel-7b-demo,True,trusted_training,benign,train
2026-08-12T04:30:00+00:00,evt-trusted_-0054,user-06,job-06,ctr-06,GPU-DEMO-0001,tritonserver,65.179,73.849,251.286,0.57,model-registry.internal,True,False,False,True,sentinel-7b-demo,True,trusted_training,benign,test
2026-08-12T04:35:00+00:00,evt-trusted_-0055,user-07,job-07,ctr-07,GPU-DEMO-0002,python-train,70.947,70.254,211.073,0.815,model-registry.internal,True,False,False,True,sentinel-7b-demo,True,trusted_training,benign,train
2026-08-12T04:40:00+00:00,evt-trusted_-0056,user-00,job-08,ctr-08,GPU-DEMO-0003,python-train,62.174,62.132,205.2,0.34,model-registry.internal,True,False,False,True,sentinel-7b-demo,True,trusted_training,benign,train
2026-08-12T04:45:00+00:00,evt-trusted_-0057,user-01,job-09,ctr-09,GPU-DEMO-0001,tritonserver,80.753,75.696,220.548,0.177,model-registry.internal,True,False,False,True,sentinel-7b-demo,True,trusted_training,benign,train
2026-08-12T04:50:00+00:00,evt-trusted_-0058,user-02,job-10,ctr-10,GPU-DEMO-0002,model-checkpoint,49.518,67.311,241.591,167.057,backup.example.invalid,True,False,False,True,sentinel-7b-demo,True,trusted_training,benign,train
2026-08-12T04:55:00+00:00,evt-trusted_-0059,user-03,job-11,ctr-11,GPU-DEMO-0003,python-train,83.856,66.694,242.279,0.257,model-registry.internal,True,False,False,True,sentinel-7b-demo,True,trusted_training,benign,train
2026-08-12T05:00:00+00:00,evt-trusted_-0060,user-04,job-00,ctr-00,GPU-DEMO-0001,tritonserver,92.627,76.71,220.23,0.271,model-registry.internal,True,False,False,True,sentinel-7b-demo,True,trusted_training,benign,test
2026-08-12T05:05:00+00:00,evt-trusted_-0061,user-05,job-01,ctr-01,GPU-DEMO-0002,python-train,64.8,75.647,216.505,0.265,model-registry.internal,False,False,False,True,sentinel-7b-demo,True,trusted_training,benign,train
2026-08-12T05:10:00+00:00,evt-trusted_-0062,user-06,job-02,ctr-02,GPU-DEMO-0003,python-train,67.898,75.885,232.258,0.289,model-registry.internal,True,False,False,True,sentinel-7b-demo,True,trusted_training,benign,train
2026-08-12T05:15:00+00:00,evt-trusted_-0063,user-07,job-03,ctr-03,GPU-DEMO-0001,tritonserver,51.603,76.324,221.115,0.326,model-registry.internal,True,False,False,True,sentinel-7b-demo,True,trusted_training,benign,train
2026-08-12T05:20:00+00:00,evt-trusted_-0064,user-00,job-04,ctr-04,GPU-DEMO-0002,python-train,67.129,82.076,255.501,0.235,model-registry.internal,True,False,False,True,sentinel-7b-demo,True,trusted_training,benign,train
2026-08-12T05:25:00+00:00,evt-trusted_-0065,user-01,job-05,ctr-05,GPU-DEMO-0003,python-train,67.371,69.566,249.353,0.306,model-registry.internal,True,False,False,True,sentinel-7b-demo,True,trusted_training,benign,train
2026-08-12T05:30:00+00:00,evt-trusted_-0066,user-02,job-06,ctr-06,GPU-DEMO-0001,tritonserver,56.403,73.111,281.18,0.29,model-registry.internal,True,False,False,True,sentinel-7b-demo,True,trusted_training,benign,test
2026-08-12T05:35:00+00:00,evt-trusted_-0067,user-03,job-07,ctr-07,GPU-DEMO-0002,python-train,68.409,83.152,214.236,0.162,model-registry.internal,True,False,False,True,sentinel-7b-demo,True,trusted_training,benign,train
2026-08-12T05:40:00+00:00,evt-trusted_-0068,user-04,job-08,ctr-08,GPU-DEMO-0003,python-train,56.357,69.044,228.823,0.077,model-registry.internal,True,False,False,True,sentinel-7b-demo,True,trusted_training,benign,train
2026-08-12T05:45:00+00:00,evt-trusted_-0069,user-05,job-09,ctr-09,GPU-DEMO-0001,tritonserver,61.349,70.508,243.873,0.357,model-registry.internal,True,False,False,True,sentinel-7b-demo,True,trusted_training,benign,train
2026-08-12T05:50:00+00:00,evt-trusted_-0070,user-06,job-10,ctr-10,GPU-DEMO-0002,python-train,60.676,68.743,263.907,0.201,model-registry.internal,True,False,False,True,sentinel-7b-demo,True,trusted_training,benign,train
2026-08-12T05:55:00+00:00,evt-trusted_-0071,user-07,job-11,ctr-11,GPU-DEMO-0003,python-train,65.061,62.324,215.362,0.912,model-registry.internal,True,False,False,True,sentinel-7b-demo,True,trusted_training,benign,train
2026-08-12T06:00:00+00:00,evt-trusted_-0072,user-00,job-00,ctr-00,GPU-DEMO-0001,tritonserver,77.722,69.78,207.15,0.418,model-registry.internal,True,False,False,True,sentinel-7b-demo,True,trusted_training,benign,test
2026-08-12T06:05:00+00:00,evt-trusted_-0073,user-01,job-01,ctr-01,GPU-DEMO-0002,python-train,54.072,81.999,197.044,0.125,model-registry.internal,True,False,False,True,sentinel-7b-demo,True,trusted_training,benign,train
2026-08-12T06:10:00+00:00,evt-trusted_-0074,user-02,job-02,ctr-02,GPU-DEMO-0003,python-train,86.949,78.586,233.706,0.074,model-registry.internal,True,False,False,True,sentinel-7b-demo,True,trusted_training,benign,train
2026-08-12T06:15:00+00:00,evt-trusted_-0075,user-03,job-03,ctr-03,GPU-DEMO-0001,tritonserver,72.436,71.033,230.949,0.135,model-registry.internal,True,False,False,True,sentinel-7b-demo,True,trusted_training,benign,train
2026-08-12T06:20:00+00:00,evt-trusted_-0076,user-04,job-04,ctr-04,GPU-DEMO-0002,python-train,63.919,71.742,234.777,0.192,model-registry.internal,True,False,False,True,sentinel-7b-demo,True,trusted_training,benign,train
2026-08-12T06:25:00+00:00,evt-trusted_-0077,user-05,job-05,ctr-05,GPU-DEMO-0003,python-train,58.398,77.721,236.654,0.485,model-registry.internal,True,False,False,True,sentinel-7b-demo,True,trusted_training,benign,train
2026-08-12T06:30:00+00:00,evt-trusted_-0078,user-06,job-06,ctr-06,GPU-DEMO-0001,tritonserver,62.387,79.909,243.303,0.226,model-registry.internal,True,False,False,True,sentinel-7b-demo,True,trusted_training,benign,test
2026-08-12T06:35:00+00:00,evt-trusted_-0079,user-07,job-07,ctr-07,GPU-DEMO-0002,python-train,67.92,71.941,216.421,0.477,model-registry.internal,True,False,False,True,sentinel-7b-demo,True,trusted_training,benign,train
2026-08-12T06:40:00+00:00,evt-trusted_-0080,user-00,job-08,ctr-08,GPU-DEMO-0003,python-train,77.698,76.432,206.135,0.164,model-registry.internal,True,False,False,True,sentinel-7b-demo,True,trusted_training,benign,train
2026-08-12T06:45:00+00:00,evt-trusted_-0081,user-01,job-09,ctr-09,GPU-DEMO-0001,tritonserver,74.688,83.759,278.039,0.228,model-registry.internal,True,False,False,True,sentinel-7b-demo,True,trusted_training,benign,train
2026-08-12T06:50:00+00:00,evt-trusted_-0082,user-02,job-10,ctr-10,GPU-DEMO-0002,python-train,47.784,68.923,199.23,0.948,model-registry.internal,True,False,False,True,sentinel-7b-demo,True,trusted_training,benign,train
2026-08-12T06:55:00+00:00,evt-trusted_-0083,user-03,job-11,ctr-11,GPU-DEMO-0003,python-train,70.552,79.846,186.598,0.725,model-registry.internal,True,False,False,True,sentinel-7b-demo,True,trusted_training,benign,train
2026-08-12T07:00:00+00:00,evt-trusted_-0084,user-04,job-00,ctr-00,GPU-DEMO-0001,tritonserver,71.65,84.547,243.371,0.18,model-registry.internal,True,False,False,True,sentinel-7b-demo,True,trusted_training,benign,test
2026-08-12T07:05:00+00:00,evt-trusted_-0085,user-05,job-01,ctr-01,GPU-DEMO-0002,python-train,57.739,70.674,223.08,0.21,model-registry.internal,True,False,False,True,sentinel-7b-demo,True,trusted_training,benign,train
2026-08-12T07:10:00+00:00,evt-trusted_-0086,user-06,job-02,ctr-02,GPU-DEMO-0003,cuda-benchmark,91.973,48.499,320.997,0.266,model-registry.internal,True,False,False,True,sentinel-7b-demo,True,trusted_training,benign,train
2026-08-12T07:15:00+00:00,evt-trusted_-0087,user-07,job-03,ctr-03,GPU-DEMO-0001,model-checkpoint,79.031,69.137,221.923,162.96,backup.example.invalid,True,False,False,True,sentinel-7b-demo,True,trusted_training,benign,train
2026-08-12T07:20:00+00:00,evt-trusted_-0088,user-00,job-04,ctr-04,GPU-DEMO-0002,python-train,72.311,67.173,211.211,0.193,model-registry.internal,True,False,False,True,sentinel-7b-demo,True,trusted_training,benign,train
2026-08-12T07:25:00+00:00,evt-trusted_-0089,user-01,job-05,ctr-05,GPU-DEMO-0003,python-train,61.541,84.008,220.699,0.481,model-registry.internal,True,False,False,True,sentinel-7b-demo,True,trusted_training,benign,train
2026-08-12T07:30:00+00:00,evt-trusted_-0090,user-02,job-06,ctr-06,GPU-DEMO-0001,tritonserver,70.161,72.008,244.388,0.315,model-registry.internal,True,False,False,True,sentinel-7b-demo,True,trusted_training,benign,test
2026-08-12T07:35:00+00:00,evt-trusted_-0091,user-03,job-07,ctr-07,GPU-DEMO-0002,python-train,79.749,84.337,200.636,0.175,model-registry.internal,True,False,False,True,sentinel-7b-demo,True,trusted_training,benign,train
2026-08-12T07:40:00+00:00,evt-trusted_-0092,user-04,job-08,ctr-08,GPU-DEMO-0003,python-train,67.674,70.842,271.825,0.379,model-registry.internal,True,False,False,True,sentinel-7b-demo,True,trusted_training,benign,train
2026-08-12T07:45:00+00:00,evt-trusted_-0093,user-05,job-09,ctr-09,GPU-DEMO-0001,tritonserver,67.211,81.359,227.935,0.342,model-registry.internal,True,False,False,True,sentinel-7b-demo,True,trusted_training,benign,train
2026-08-12T07:50:00+00:00,evt-trusted_-0094,user-06,job-10,ctr-10,GPU-DEMO-0002,python-train,68.74,72.643,221.539,0.379,model-registry.internal,True,False,False,True,sentinel-7b-demo,True,trusted_training,benign,train
2026-08-12T07:55:00+00:00,evt-trusted_-0095,user-07,job-11,ctr-11,GPU-DEMO-0003,python-train,71.563,73.8,215.101,0.298,model-registry.internal,True,False,False,True,sentinel-7b-demo,True,trusted_training,benign,train
2026-08-12T08:00:00+00:00,evt-trusted_-0096,user-00,job-00,ctr-00,GPU-DEMO-0001,tritonserver,62.417,75.571,220.427,0.454,model-registry.internal,True,False,False,True,sentinel-7b-demo,True,trusted_training,benign,test
2026-08-12T08:05:00+00:00,evt-trusted_-0097,user-01,job-01,ctr-01,GPU-DEMO-0002,python-train,43.525,73.966,200.47,0.502,model-registry.internal,True,False,False,True,sentinel-7b-demo,True,trusted_training,benign,train
2026-08-12T08:10:00+00:00,evt-trusted_-0098,user-02,job-02,ctr-02,GPU-DEMO-0003,python-train,62.817,70.811,217.098,0.586,model-registry.internal,True,False,False,True,sentinel-7b-demo,True,trusted_training,benign,train
2026-08-12T08:15:00+00:00,evt-trusted_-0099,user-03,job-03,ctr-03,GPU-DEMO-0001,tritonserver,88.798,79.101,209.833,0.698,model-registry.internal,True,False,False,True,sentinel-7b-demo,True,trusted_training,benign,train
2026-08-12T08:20:00+00:00,evt-trusted_-0100,user-04,job-04,ctr-04,GPU-DEMO-0002,python-train,82.667,72.537,214.156,0.185,model-registry.internal,True,False,False,True,sentinel-7b-demo,True,trusted_training,benign,train
2026-08-12T08:25:00+00:00,evt-trusted_-0101,user-05,job-05,ctr-05,GPU-DEMO-0003,python-train,72.296,80.844,223.808,0.23,model-registry.internal,True,False,False,True,sentinel-7b-demo,True,trusted_training,benign,train
2026-08-12T08:30:00+00:00,evt-trusted_-0102,user-06,job-06,ctr-06,GPU-DEMO-0001,tritonserver,57.565,72.486,237.455,0.271,model-registry.internal,True,False,False,True,sentinel-7b-demo,True,trusted_training,benign,test
2026-08-12T08:35:00+00:00,evt-trusted_-0103,user-07,job-07,ctr-07,GPU-DEMO-0002,python-train,66.85,64.473,263.114,0.51,model-registry.internal,True,False,False,True,sentinel-7b-demo,True,trusted_training,benign,train
2026-08-12T08:40:00+00:00,evt-trusted_-0104,user-00,job-08,ctr-08,GPU-DEMO-0003,python-train,48.102,60.405,245.63,0.529,model-registry.internal,True,False,False,True,sentinel-7b-demo,True,trusted_training,benign,train
2026-08-12T08:45:00+00:00,evt-trusted_-0105,user-01,job-09,ctr-09,GPU-DEMO-0001,tritonserver,66.103,63.555,267.913,0.316,model-registry.internal,True,False,False,True,sentinel-7b-demo,True,trusted_training,benign,train
2026-08-12T08:50:00+00:00,evt-trusted_-0106,user-02,job-10,ctr-10,GPU-DEMO-0002,python-train,86.509,87.047,254.814,0.371,model-registry.internal,True,False,False,True,sentinel-7b-demo,True,trusted_training,benign,train
2026-08-12T08:55:00+00:00,evt-trusted_-0107,user-03,job-11,ctr-11,GPU-DEMO-0003,python-train,56.517,60.16,252.711,0.417,model-registry.internal,True,False,False,True,sentinel-7b-demo,True,trusted_training,benign,train
2026-08-12T09:00:00+00:00,evt-trusted_-0108,user-04,job-00,ctr-00,GPU-DEMO-0001,tritonserver,45.235,72.739,213.174,0.236,model-registry.internal,True,False,False,True,sentinel-7b-demo,True,trusted_training,benign,test
2026-08-12T09:05:00+00:00,evt-trusted_-0109,user-05,job-01,ctr-01,GPU-DEMO-0002,python-train,66.954,83.16,277.811,0.194,model-registry.internal,True,False,False,True,sentinel-7b-demo,True,trusted_training,benign,train
2026-08-12T09:10:00+00:00,evt-trusted_-0110,user-06,job-02,ctr-02,GPU-DEMO-0003,python-train,50.396,79.391,238.82,0.285,model-registry.internal,True,False,False,True,sentinel-7b-demo,True,trusted_training,benign,train
2026-08-12T09:15:00+00:00,evt-trusted_-0111,user-07,job-03,ctr-03,GPU-DEMO-0001,tritonserver,68.053,72.215,195.399,0.368,model-registry.internal,True,False,False,True,sentinel-7b-demo,True,trusted_training,benign,train
2026-08-12T09:20:00+00:00,evt-trusted_-0112,user-00,job-04,ctr-04,GPU-DEMO-0002,python-train,64.444,76.563,243.575,0.262,model-registry.internal,True,False,False,True,sentinel-7b-demo,True,trusted_training,benign,train
2026-08-12T09:25:00+00:00,evt-trusted_-0113,user-01,job-05,ctr-05,GPU-DEMO-0003,python-train,59.975,55.952,224.282,0.399,model-registry.internal,True,False,False,True,sentinel-7b-demo,True,trusted_training,benign,train
2026-08-12T09:30:00+00:00,evt-trusted_-0114,user-02,job-06,ctr-06,GPU-DEMO-0001,tritonserver,69.758,66.347,296.13,0.17,model-registry.internal,True,False,False,True,sentinel-7b-demo,True,trusted_training,benign,test
2026-08-12T09:35:00+00:00,evt-trusted_-0115,user-03,job-07,ctr-07,GPU-DEMO-0002,python-train,56.188,73.87,238.585,0.48,model-registry.internal,True,False,False,True,sentinel-7b-demo,True,trusted_training,benign,train
2026-08-12T09:40:00+00:00,evt-trusted_-0116,user-04,job-08,ctr-08,GPU-DEMO-0003,model-checkpoint,82.313,64.224,231.568,200.384,backup.example.invalid,True,False,False,True,sentinel-7b-demo,True,trusted_training,benign,train
2026-08-12T09:45:00+00:00,evt-trusted_-0117,user-05,job-09,ctr-09,GPU-DEMO-0001,tritonserver,74.387,74.581,211.782,0.56,model-registry.internal,True,False,False,True,sentinel-7b-demo,True,trusted_training,benign,train
2026-08-12T09:50:00+00:00,evt-trusted_-0118,user-06,job-10,ctr-10,GPU-DEMO-0002,python-train,74.752,71.355,248.63,0.152,model-registry.internal,True,False,False,True,sentinel-7b-demo,True,trusted_training,benign,train
2026-08-12T09:55:00+00:00,evt-trusted_-0119,user-07,job-11,ctr-11,GPU-DEMO-0003,python-train,73.239,82.848,283.553,0.429,model-registry.internal,True,False,False,True,sentinel-7b-demo,True,trusted_training,benign,train
2026-08-12T10:00:00+00:00,evt-trusted_-0120,user-00,job-00,ctr-00,GPU-DEMO-0001,tritonserver,48.862,75.894,229.661,0.168,model-registry.internal,True,False,False,True,sentinel-7b-demo,True,trusted_training,benign,test
2026-08-12T10:05:00+00:00,evt-trusted_-0121,user-01,job-01,ctr-01,GPU-DEMO-0002,python-train,58.996,65.676,211.846,0.118,model-registry.internal,True,False,False,True,sentinel-7b-demo,True,trusted_training,benign,train
2026-08-12T10:10:00+00:00,evt-trusted_-0122,user-02,job-02,ctr-02,GPU-DEMO-0003,python-train,83.385,64.619,218.133,0.241,model-registry.internal,False,False,False,True,sentinel-7b-demo,True,trusted_training,benign,train
2026-08-12T10:15:00+00:00,evt-trusted_-0123,user-03,job-03,ctr-03,GPU-DEMO-0001,tritonserver,69.866,56.199,236.539,0.403,model-registry.internal,True,False,False,True,sentinel-7b-demo,True,trusted_training,benign,train
2026-08-12T10:20:00+00:00,evt-trusted_-0124,user-04,job-04,ctr-04,GPU-DEMO-0002,python-train,62.243,71.453,221.618,0.521,model-registry.internal,True,False,False,True,sentinel-7b-demo,True,trusted_training,benign,train
2026-08-12T10:25:00+00:00,evt-trusted_-0125,user-05,job-05,ctr-05,GPU-DEMO-0003,python-train,67.109,69.323,228.712,0.438,model-registry.internal,True,False,False,True,sentinel-7b-demo,True,trusted_training,benign,train
2026-08-12T10:30:00+00:00,evt-trusted_-0126,user-06,job-06,ctr-06,GPU-DEMO-0001,tritonserver,54.962,75.394,218.34,0.349,model-registry.internal,True,False,False,True,sentinel-7b-demo,True,trusted_training,benign,test
2026-08-12T10:35:00+00:00,evt-trusted_-0127,user-07,job-07,ctr-07,GPU-DEMO-0002,python-train,54.959,83.749,224.944,0.208,model-registry.internal,True,False,False,True,sentinel-7b-demo,True,trusted_training,benign,train
2026-08-12T10:40:00+00:00,evt-trusted_-0128,user-00,job-08,ctr-08,GPU-DEMO-0003,python-train,66.435,73.451,231.724,0.227,model-registry.internal,True,False,False,True,sentinel-7b-demo,True,trusted_training,benign,train
2026-08-12T10:45:00+00:00,evt-trusted_-0129,user-01,job-09,ctr-09,GPU-DEMO-0001,cuda-benchmark,95.886,52.108,302.648,0.277,model-registry.internal,True,False,False,True,sentinel-7b-demo,True,trusted_training,benign,train
2026-08-12T10:50:00+00:00,evt-trusted_-0130,user-02,job-10,ctr-10,GPU-DEMO-0002,python-train,62.645,68.067,220.881,0.087,model-registry.internal,True,False,False,True,sentinel-7b-demo,True,trusted_training,benign,train
2026-08-12T10:55:00+00:00,evt-trusted_-0131,user-03,job-11,ctr-11,GPU-DEMO-0003,python-train,65.894,75.978,191.654,0.538,model-registry.internal,True,False,False,True,sentinel-7b-demo,True,trusted_training,benign,train
2026-08-12T11:00:00+00:00,evt-trusted_-0132,user-04,job-00,ctr-00,GPU-DEMO-0001,tritonserver,59.796,80.318,236.321,0.214,model-registry.internal,True,False,False,True,sentinel-7b-demo,True,trusted_training,benign,test
2026-08-12T11:05:00+00:00,evt-trusted_-0133,user-05,job-01,ctr-01,GPU-DEMO-0002,python-train,67.802,84.094,218.534,0.428,model-registry.internal,True,False,False,True,sentinel-7b-demo,True,trusted_training,benign,train
2026-08-12T11:10:00+00:00,evt-trusted_-0134,user-06,job-02,ctr-02,GPU-DEMO-0003,python-train,69.819,83.418,242.985,0.202,model-registry.internal,True,False,False,True,sentinel-7b-demo,True,trusted_training,benign,train
2026-08-12T11:15:00+00:00,evt-trusted_-0135,user-07,job-03,ctr-03,GPU-DEMO-0001,tritonserver,68.223,65.154,230.553,0.189,model-registry.internal,True,False,False,True,sentinel-7b-demo,True,trusted_training,benign,train
2026-08-12T11:20:00+00:00,evt-trusted_-0136,user-00,job-04,ctr-04,GPU-DEMO-0002,python-train,53.29,77.123,249.645,0.737,model-registry.internal,True,False,False,True,sentinel-7b-demo,True,trusted_training,benign,train
2026-08-12T11:25:00+00:00,evt-trusted_-0137,user-01,job-05,ctr-05,GPU-DEMO-0003,python-train,57.952,65.701,226.625,1.301,model-registry.internal,True,False,False,True,sentinel-7b-demo,True,trusted_training,benign,train
2026-08-12T11:30:00+00:00,evt-trusted_-0138,user-02,job-06,ctr-06,GPU-DEMO-0001,tritonserver,55.472,71.279,224.3,0.765,model-registry.internal,True,False,False,True,sentinel-7b-demo,True,trusted_training,benign,test
2026-08-12T11:35:00+00:00,evt-trusted_-0139,user-03,job-07,ctr-07,GPU-DEMO-0002,python-train,49.503,67.85,232.625,0.171,model-registry.internal,True,False,False,True,sentinel-7b-demo,True,trusted_training,benign,train
2026-08-12T11:40:00+00:00,evt-trusted_-0140,user-04,job-08,ctr-08,GPU-DEMO-0003,python-train,61.276,71.351,200.574,0.29,model-registry.internal,True,False,False,True,sentinel-7b-demo,True,trusted_training,benign,train
2026-08-12T11:45:00+00:00,evt-trusted_-0141,user-05,job-09,ctr-09,GPU-DEMO-0001,tritonserver,54.988,84.758,236.915,0.608,model-registry.internal,True,False,False,True,sentinel-7b-demo,True,trusted_training,benign,train
2026-08-12T11:50:00+00:00,evt-trusted_-0142,user-06,job-10,ctr-10,GPU-DEMO-0002,python-train,57.141,84.665,236.479,0.324,model-registry.internal,True,False,False,True,sentinel-7b-demo,True,trusted_training,benign,train
2026-08-12T11:55:00+00:00,evt-trusted_-0143,user-07,job-11,ctr-11,GPU-DEMO-0003,python-train,60.427,67.438,248.539,0.368,model-registry.internal,True,False,False,True,sentinel-7b-demo,True,trusted_training,benign,train
2026-08-12T12:00:00+00:00,evt-trusted_-0144,user-00,job-00,ctr-00,GPU-DEMO-0001,tritonserver,78.842,64.754,203.513,0.153,model-registry.internal,True,False,False,True,sentinel-7b-demo,True,trusted_training,benign,test
2026-08-12T12:05:00+00:00,evt-trusted_-0145,user-01,job-01,ctr-01,GPU-DEMO-0002,model-checkpoint,76.577,67.704,221.974,113.28,backup.example.invalid,True,False,False,True,sentinel-7b-demo,True,trusted_training,benign,train
2026-08-12T12:10:00+00:00,evt-trusted_-0146,user-02,job-02,ctr-02,GPU-DEMO-0003,python-train,71.213,79.452,230.446,0.232,model-registry.internal,True,False,False,True,sentinel-7b-demo,True,trusted_training,benign,train
2026-08-12T12:15:00+00:00,evt-trusted_-0147,user-03,job-03,ctr-03,GPU-DEMO-0001,tritonserver,58.27,67.117,211.042,0.314,model-registry.internal,True,False,False,True,sentinel-7b-demo,True,trusted_training,benign,train
2026-08-12T12:20:00+00:00,evt-trusted_-0148,user-04,job-04,ctr-04,GPU-DEMO-0002,python-train,79.299,63.019,248.571,0.128,model-registry.internal,True,False,False,True,sentinel-7b-demo,True,trusted_training,benign,train
2026-08-12T12:25:00+00:00,evt-trusted_-0149,user-05,job-05,ctr-05,GPU-DEMO-0003,python-train,73.672,84.049,247.514,0.723,model-registry.internal,True,False,False,True,sentinel-7b-demo,True,trusted_training,benign,train
2026-08-12T12:30:00+00:00,evt-trusted_-0150,user-06,job-06,ctr-06,GPU-DEMO-0001,tritonserver,66.875,68.19,211.927,0.209,model-registry.internal,True,False,False,True,sentinel-7b-demo,True,trusted_training,benign,test
2026-08-12T12:35:00+00:00,evt-trusted_-0151,user-07,job-07,ctr-07,GPU-DEMO-0002,python-train,64.442,69.96,256.217,0.628,model-registry.internal,True,False,False,True,sentinel-7b-demo,True,trusted_training,benign,train
2026-08-12T12:40:00+00:00,evt-trusted_-0152,user-00,job-08,ctr-08,GPU-DEMO-0003,python-train,61.878,74.102,189.881,0.769,model-registry.internal,True,False,False,True,sentinel-7b-demo,True,trusted_training,benign,train
2026-08-12T12:45:00+00:00,evt-trusted_-0153,user-01,job-09,ctr-09,GPU-DEMO-0001,tritonserver,64.848,51.628,248.386,0.377,model-registry.internal,True,False,False,True,sentinel-7b-demo,True,trusted_training,benign,train
2026-08-12T12:50:00+00:00,evt-trusted_-0154,user-02,job-10,ctr-10,GPU-DEMO-0002,python-train,49.204,76.266,236.381,0.159,model-registry.internal,True,False,False,True,sentinel-7b-demo,True,trusted_training,benign,train
2026-08-12T12:55:00+00:00,evt-trusted_-0155,user-03,job-11,ctr-11,GPU-DEMO-0003,python-train,61.621,73.849,262.81,0.427,model-registry.internal,True,False,False,True,sentinel-7b-demo,True,trusted_training,benign,train
2026-08-12T13:00:00+00:00,evt-trusted_-0156,user-04,job-00,ctr-00,GPU-DEMO-0001,tritonserver,65.434,75.572,201.392,0.24,model-registry.internal,True,False,False,True,sentinel-7b-demo,True,trusted_training,benign,test
2026-08-12T13:05:00+00:00,evt-trusted_-0157,user-05,job-01,ctr-01,GPU-DEMO-0002,python-train,68.341,76.511,222.334,0.305,model-registry.internal,True,False,False,True,sentinel-7b-demo,True,trusted_training,benign,train
2026-08-12T13:10:00+00:00,evt-trusted_-0158,user-06,job-02,ctr-02,GPU-DEMO-0003,python-train,80.792,70.206,225.435,0.915,model-registry.internal,True,False,False,True,sentinel-7b-demo,True,trusted_training,benign,train
2026-08-12T13:15:00+00:00,evt-trusted_-0159,user-07,job-03,ctr-03,GPU-DEMO-0001,tritonserver,68.231,72.45,265.017,0.45,model-registry.internal,True,False,False,True,sentinel-7b-demo,True,trusted_training,benign,train
2026-08-12T13:20:00+00:00,evt-trusted_-0160,user-00,job-04,ctr-04,GPU-DEMO-0002,python-train,70.742,71.861,231.56,0.477,model-registry.internal,True,False,False,True,sentinel-7b-demo,True,trusted_training,benign,train
2026-08-12T13:25:00+00:00,evt-trusted_-0161,user-01,job-05,ctr-05,GPU-DEMO-0003,python-train,69.865,70.506,252.205,0.354,model-registry.internal,True,False,False,True,sentinel-7b-demo,True,trusted_training,benign,train
2026-08-12T13:30:00+00:00,evt-trusted_-0162,user-02,job-06,ctr-06,GPU-DEMO-0001,tritonserver,72.981,70.427,226.501,0.211,model-registry.internal,True,False,False,True,sentinel-7b-demo,True,trusted_training,benign,test
2026-08-12T13:35:00+00:00,evt-trusted_-0163,user-03,job-07,ctr-07,GPU-DEMO-0002,python-train,74.456,72.403,196.821,0.171,model-registry.internal,True,False,False,True,sentinel-7b-demo,True,trusted_training,benign,train
2026-08-12T13:40:00+00:00,evt-trusted_-0164,user-04,job-08,ctr-08,GPU-DEMO-0003,python-train,61.579,57.83,192.346,0.219,model-registry.internal,True,False,False,True,sentinel-7b-demo,True,trusted_training,benign,train
2026-08-12T13:45:00+00:00,evt-trusted_-0165,user-05,job-09,ctr-09,GPU-DEMO-0001,tritonserver,76.374,72.734,238.318,0.206,model-registry.internal,True,False,False,True,sentinel-7b-demo,True,trusted_training,benign,train
2026-08-12T13:50:00+00:00,evt-trusted_-0166,user-06,job-10,ctr-10,GPU-DEMO-0002,python-train,58.025,73.404,265.807,0.221,model-registry.internal,True,False,False,True,sentinel-7b-demo,True,trusted_training,benign,train
2026-08-12T13:55:00+00:00,evt-trusted_-0167,user-07,job-11,ctr-11,GPU-DEMO-0003,python-train,46.874,84.88,241.793,0.344,model-registry.internal,True,False,False,True,sentinel-7b-demo,True,trusted_training,benign,train
2026-08-12T14:00:00+00:00,evt-trusted_-0168,user-00,job-00,ctr-00,GPU-DEMO-0001,tritonserver,68.859,91.681,251.018,0.311,model-registry.internal,True,False,False,True,sentinel-7b-demo,True,trusted_training,benign,test
2026-08-12T14:05:00+00:00,evt-trusted_-0169,user-01,job-01,ctr-01,GPU-DEMO-0002,python-train,52.876,69.115,298.444,1.421,model-registry.internal,True,False,False,True,sentinel-7b-demo,True,trusted_training,benign,train
2026-08-12T14:10:00+00:00,evt-trusted_-0170,user-02,job-02,ctr-02,GPU-DEMO-0003,python-train,72.67,86.159,188.433,0.216,model-registry.internal,True,False,False,True,sentinel-7b-demo,True,trusted_training,benign,train
2026-08-12T14:15:00+00:00,evt-trusted_-0171,user-03,job-03,ctr-03,GPU-DEMO-0001,tritonserver,74.736,69.62,280.357,0.333,model-registry.internal,True,False,False,True,sentinel-7b-demo,True,trusted_training,benign,train
2026-08-12T14:20:00+00:00,evt-trusted_-0172,user-04,job-04,ctr-04,GPU-DEMO-0002,cuda-benchmark,94.409,52.702,318.467,0.4,model-registry.internal,True,False,False,True,sentinel-7b-demo,True,trusted_training,benign,train
2026-08-12T14:25:00+00:00,evt-trusted_-0173,user-05,job-05,ctr-05,GPU-DEMO-0003,python-train,61.226,71.676,231.386,0.228,model-registry.internal,True,False,False,True,sentinel-7b-demo,True,trusted_training,benign,train
2026-08-12T14:30:00+00:00,evt-trusted_-0174,user-06,job-06,ctr-06,GPU-DEMO-0001,model-checkpoint,70.774,74.331,232.508,150.612,backup.example.invalid,True,False,False,True,sentinel-7b-demo,True,trusted_training,benign,test
2026-08-12T14:35:00+00:00,evt-trusted_-0175,user-07,job-07,ctr-07,GPU-DEMO-0002,python-train,57.655,59.035,214.106,0.395,model-registry.internal,True,False,False,True,sentinel-7b-demo,True,trusted_training,benign,train
2026-08-12T14:40:00+00:00,evt-trusted_-0176,user-00,job-08,ctr-08,GPU-DEMO-0003,python-train,67.964,80.863,229.56,0.122,model-registry.internal,True,False,False,True,sentinel-7b-demo,True,trusted_training,benign,train
2026-08-12T14:45:00+00:00,evt-trusted_-0177,user-01,job-09,ctr-09,GPU-DEMO-0001,tritonserver,78.282,69.709,230.48,0.121,model-registry.internal,True,False,False,True,sentinel-7b-demo,True,trusted_training,benign,train
2026-08-12T14:50:00+00:00,evt-trusted_-0178,user-02,job-10,ctr-10,GPU-DEMO-0002,python-train,81.604,75.402,197.724,0.23,model-registry.internal,True,False,False,True,sentinel-7b-demo,True,trusted_training,benign,train
2026-08-12T14:55:00+00:00,evt-trusted_-0179,user-03,job-11,ctr-11,GPU-DEMO-0003,python-train,66.176,71.456,260.148,0.28,model-registry.internal,True,False,False,True,sentinel-7b-demo,True,trusted_training,benign,train
2026-08-12T15:00:00+00:00,evt-trusted_-0180,user-04,job-00,ctr-00,GPU-DEMO-0001,tritonserver,53.959,77.318,200.932,0.123,model-registry.internal,True,False,False,True,sentinel-7b-demo,True,trusted_training,benign,test
2026-08-12T15:05:00+00:00,evt-trusted_-0181,user-05,job-01,ctr-01,GPU-DEMO-0002,python-train,60.294,74.811,178.02,0.391,model-registry.internal,True,False,False,True,sentinel-7b-demo,True,trusted_training,benign,train
2026-08-12T15:10:00+00:00,evt-trusted_-0182,user-06,job-02,ctr-02,GPU-DEMO-0003,python-train,66.124,71.18,194.935,0.112,model-registry.internal,True,False,False,True,sentinel-7b-demo,True,trusted_training,benign,train
2026-08-12T15:15:00+00:00,evt-trusted_-0183,user-07,job-03,ctr-03,GPU-DEMO-0001,tritonserver,62.378,68.689,243.035,0.503,model-registry.internal,False,False,False,True,sentinel-7b-demo,True,trusted_training,benign,train
2026-08-12T15:20:00+00:00,evt-trusted_-0184,user-00,job-04,ctr-04,GPU-DEMO-0002,python-train,57.488,66.381,214.69,0.203,model-registry.internal,True,False,False,True,sentinel-7b-demo,True,trusted_training,benign,train
2026-08-12T15:25:00+00:00,evt-trusted_-0185,user-01,job-05,ctr-05,GPU-DEMO-0003,python-train,78.664,78.987,223.104,0.553,model-registry.internal,True,False,False,True,sentinel-7b-demo,True,trusted_training,benign,train
2026-08-12T15:30:00+00:00,evt-trusted_-0186,user-02,job-06,ctr-06,GPU-DEMO-0001,tritonserver,53.06,73.019,227.421,0.422,model-registry.internal,True,False,False,True,sentinel-7b-demo,True,trusted_training,benign,test
2026-08-12T15:35:00+00:00,evt-trusted_-0187,user-03,job-07,ctr-07,GPU-DEMO-0002,python-train,67.406,79.616,194.671,0.475,model-registry.internal,True,False,False,True,sentinel-7b-demo,True,trusted_training,benign,train
2026-08-12T15:40:00+00:00,evt-trusted_-0188,user-04,job-08,ctr-08,GPU-DEMO-0003,python-train,68.576,66.844,314.551,0.828,model-registry.internal,True,False,False,True,sentinel-7b-demo,True,trusted_training,benign,train
2026-08-12T15:45:00+00:00,evt-trusted_-0189,user-05,job-09,ctr-09,GPU-DEMO-0001,tritonserver,65.069,86.195,260.622,0.228,model-registry.internal,True,False,False,True,sentinel-7b-demo,True,trusted_training,benign,train
2026-08-12T15:50:00+00:00,evt-trusted_-0190,user-06,job-10,ctr-10,GPU-DEMO-0002,python-train,50.086,79.971,250.172,0.459,model-registry.internal,True,False,False,True,sentinel-7b-demo,True,trusted_training,benign,train
2026-08-12T15:55:00+00:00,evt-trusted_-0191,user-07,job-11,ctr-11,GPU-DEMO-0003,python-train,57.73,80.659,268.711,0.74,model-registry.internal,True,False,False,True,sentinel-7b-demo,True,trusted_training,benign,train
2026-08-12T16:00:00+00:00,evt-trusted_-0192,user-00,job-00,ctr-00,GPU-DEMO-0001,tritonserver,59.669,65.197,253.047,0.356,model-registry.internal,True,False,False,True,sentinel-7b-demo,True,trusted_training,benign,test
2026-08-12T16:05:00+00:00,evt-trusted_-0193,user-01,job-01,ctr-01,GPU-DEMO-0002,python-train,68.98,82.684,216.714,0.895,model-registry.internal,True,False,False,True,sentinel-7b-demo,True,trusted_training,benign,train
2026-08-12T16:10:00+00:00,evt-trusted_-0194,user-02,job-02,ctr-02,GPU-DEMO-0003,python-train,70.737,57.342,270.232,0.383,model-registry.internal,True,False,False,True,sentinel-7b-demo,True,trusted_training,benign,train
2026-08-12T16:15:00+00:00,evt-trusted_-0195,user-03,job-03,ctr-03,GPU-DEMO-0001,tritonserver,58.17,75.799,237.547,0.162,model-registry.internal,True,False,False,True,sentinel-7b-demo,True,trusted_training,benign,train
2026-08-12T16:20:00+00:00,evt-trusted_-0196,user-04,job-04,ctr-04,GPU-DEMO-0002,python-train,73.243,75.933,283.73,0.412,model-registry.internal,True,False,False,True,sentinel-7b-demo,True,trusted_training,benign,train
2026-08-12T16:25:00+00:00,evt-trusted_-0197,user-05,job-05,ctr-05,GPU-DEMO-0003,python-train,67.462,78.813,271.537,0.48,model-registry.internal,True,False,False,True,sentinel-7b-demo,True,trusted_training,benign,train
2026-08-12T16:30:00+00:00,evt-trusted_-0198,user-06,job-06,ctr-06,GPU-DEMO-0001,tritonserver,77.819,76.653,210.808,0.831,model-registry.internal,True,False,False,True,sentinel-7b-demo,True,trusted_training,benign,test
2026-08-12T16:35:00+00:00,evt-trusted_-0199,user-07,job-07,ctr-07,GPU-DEMO-0002,python-train,68.753,66.501,226.347,0.176,model-registry.internal,True,False,False,True,sentinel-7b-demo,True,trusted_training,benign,train
2026-08-12T16:40:00+00:00,evt-trusted_-0200,user-00,job-08,ctr-08,GPU-DEMO-0003,python-train,68.05,66.871,218.313,0.283,model-registry.internal,True,False,False,True,sentinel-7b-demo,True,trusted_training,benign,train
2026-08-12T16:45:00+00:00,evt-trusted_-0201,user-01,job-09,ctr-09,GPU-DEMO-0001,tritonserver,60.593,77.542,223.45,0.505,model-registry.internal,True,False,False,True,sentinel-7b-demo,True,trusted_training,benign,train
2026-08-12T16:50:00+00:00,evt-trusted_-0202,user-02,job-10,ctr-10,GPU-DEMO-0002,python-train,62.434,68.023,247.194,0.314,model-registry.internal,True,False,False,True,sentinel-7b-demo,True,trusted_training,benign,train
2026-08-12T16:55:00+00:00,evt-trusted_-0203,user-03,job-11,ctr-11,GPU-DEMO-0003,model-checkpoint,63.059,72.278,254.226,125.833,backup.example.invalid,True,False,False,True,sentinel-7b-demo,True,trusted_training,benign,train
2026-08-12T17:00:00+00:00,evt-trusted_-0204,user-04,job-00,ctr-00,GPU-DEMO-0001,tritonserver,71.605,60.0,206.221,0.425,model-registry.internal,True,False,False,True,sentinel-7b-demo,True,trusted_training,benign,test
2026-08-12T17:05:00+00:00,evt-trusted_-0205,user-05,job-01,ctr-01,GPU-DEMO-0002,python-train,62.106,83.396,248.244,0.2,model-registry.internal,True,False,False,True,sentinel-7b-demo,True,trusted_training,benign,train
2026-08-12T17:10:00+00:00,evt-trusted_-0206,user-06,job-02,ctr-02,GPU-DEMO-0003,python-train,47.532,64.114,233.493,0.186,model-registry.internal,True,False,False,True,sentinel-7b-demo,True,trusted_training,benign,train
2026-08-12T17:15:00+00:00,evt-trusted_-0207,user-07,job-03,ctr-03,GPU-DEMO-0001,tritonserver,60.315,71.585,269.785,0.208,model-registry.internal,True,False,False,True,sentinel-7b-demo,True,trusted_training,benign,train
2026-08-12T17:20:00+00:00,evt-trusted_-0208,user-00,job-04,ctr-04,GPU-DEMO-0002,python-train,53.337,70.449,258.059,0.109,model-registry.internal,True,False,False,True,sentinel-7b-demo,True,trusted_training,benign,train
2026-08-12T17:25:00+00:00,evt-trusted_-0209,user-01,job-05,ctr-05,GPU-DEMO-0003,python-train,47.775,60.563,217.013,0.612,model-registry.internal,True,False,False,True,sentinel-7b-demo,True,trusted_training,benign,train
2026-08-12T17:30:00+00:00,evt-trusted_-0210,user-02,job-06,ctr-06,GPU-DEMO-0001,tritonserver,75.407,76.795,223.374,0.22,model-registry.internal,True,False,False,True,sentinel-7b-demo,True,trusted_training,benign,test
2026-08-12T17:35:00+00:00,evt-trusted_-0211,user-03,job-07,ctr-07,GPU-DEMO-0002,python-train,44.048,80.976,259.056,0.258,model-registry.internal,True,False,False,True,sentinel-7b-demo,True,trusted_training,benign,train
2026-08-12T17:40:00+00:00,evt-trusted_-0212,user-04,job-08,ctr-08,GPU-DEMO-0003,python-train,56.977,58.399,230.903,0.218,model-registry.internal,True,False,False,True,sentinel-7b-demo,True,trusted_training,benign,train
2026-08-12T17:45:00+00:00,evt-trusted_-0213,user-05,job-09,ctr-09,GPU-DEMO-0001,tritonserver,66.27,62.995,203.994,0.464,model-registry.internal,True,False,False,True,sentinel-7b-demo,True,trusted_training,benign,train
2026-08-12T17:50:00+00:00,evt-trusted_-0214,user-06,job-10,ctr-10,GPU-DEMO-0002,python-train,92.28,67.693,210.413,0.278,model-registry.internal,True,False,False,True,sentinel-7b-demo,True,trusted_training,benign,train
2026-08-12T17:55:00+00:00,evt-trusted_-0215,user-07,job-11,ctr-11,GPU-DEMO-0003,cuda-benchmark,92.759,56.333,324.495,0.399,model-registry.internal,True,False,False,True,sentinel-7b-demo,True,trusted_training,benign,train
2026-08-12T18:00:00+00:00,evt-trusted_-0216,user-00,job-00,ctr-00,GPU-DEMO-0001,tritonserver,82.275,80.568,217.413,0.378,model-registry.internal,True,False,False,True,sentinel-7b-demo,True,trusted_training,benign,test
2026-08-12T18:05:00+00:00,evt-trusted_-0217,user-01,job-01,ctr-01,GPU-DEMO-0002,python-train,63.912,78.529,243.371,0.411,model-registry.internal,True,False,False,True,sentinel-7b-demo,True,trusted_training,benign,train
2026-08-12T18:10:00+00:00,evt-trusted_-0218,user-02,job-02,ctr-02,GPU-DEMO-0003,python-train,59.493,66.611,242.856,0.53,model-registry.internal,True,False,False,True,sentinel-7b-demo,True,trusted_training,benign,train
2026-08-12T18:15:00+00:00,evt-trusted_-0219,user-03,job-03,ctr-03,GPU-DEMO-0001,tritonserver,73.25,80.529,256.388,0.39,model-registry.internal,True,False,False,True,sentinel-7b-demo,True,trusted_training,benign,train
2026-08-12T00:00:00+00:00,evt-benign_i-0000,user-00,job-00,ctr-00,GPU-DEMO-0001,cuda-benchmark,92.462,40.471,337.457,145.411,backup.example.invalid,False,False,False,True,sentinel-7b-demo,True,benign_inference,benign,train
2026-08-12T00:05:00+00:00,evt-benign_i-0001,user-01,job-01,ctr-01,GPU-DEMO-0002,tritonserver,23.09,52.013,137.645,0.153,model-registry.internal,True,False,False,True,sentinel-7b-demo,True,benign_inference,benign,train
2026-08-12T00:10:00+00:00,evt-benign_i-0002,user-02,job-02,ctr-02,GPU-DEMO-0003,tritonserver,42.706,51.254,144.245,0.438,model-registry.internal,True,False,False,True,sentinel-7b-demo,True,benign_inference,benign,train
2026-08-12T00:15:00+00:00,evt-benign_i-0003,user-03,job-03,ctr-03,GPU-DEMO-0001,tritonserver,53.822,58.992,147.572,1.269,model-registry.internal,True,False,False,True,sentinel-7b-demo,True,benign_inference,benign,train
2026-08-12T00:20:00+00:00,evt-benign_i-0004,user-04,job-04,ctr-04,GPU-DEMO-0002,tritonserver,32.239,41.922,173.665,0.392,model-registry.internal,True,False,False,True,sentinel-7b-demo,True,benign_inference,benign,train
2026-08-12T00:25:00+00:00,evt-benign_i-0005,user-05,job-05,ctr-05,GPU-DEMO-0003,tritonserver,37.83,46.601,201.702,0.229,model-registry.internal,True,False,False,True,sentinel-7b-demo,True,benign_inference,benign,test
2026-08-12T00:30:00+00:00,evt-benign_i-0006,user-06,job-06,ctr-06,GPU-DEMO-0001,tritonserver,56.193,50.397,220.668,0.111,model-registry.internal,True,False,False,True,sentinel-7b-demo,True,benign_inference,benign,train
2026-08-12T00:35:00+00:00,evt-benign_i-0007,user-07,job-07,ctr-07,GPU-DEMO-0002,tritonserver,46.192,50.6,189.822,0.25,model-registry.internal,True,False,False,True,sentinel-7b-demo,True,benign_inference,benign,train
2026-08-12T00:40:00+00:00,evt-benign_i-0008,user-00,job-08,ctr-08,GPU-DEMO-0003,tritonserver,40.169,44.012,147.783,0.328,model-registry.internal,True,False,False,True,sentinel-7b-demo,True,benign_inference,benign,train
2026-08-12T00:45:00+00:00,evt-benign_i-0009,user-01,job-09,ctr-09,GPU-DEMO-0001,tritonserver,53.486,61.293,215.73,0.141,model-registry.internal,True,False,False,True,sentinel-7b-demo,True,benign_inference,benign,train
2026-08-12T00:50:00+00:00,evt-benign_i-0010,user-02,job-10,ctr-10,GPU-DEMO-0002,tritonserver,36.058,39.544,192.883,0.302,model-registry.internal,True,False,False,True,sentinel-7b-demo,True,benign_inference,benign,train
2026-08-12T00:55:00+00:00,evt-benign_i-0011,user-03,job-11,ctr-11,GPU-DEMO-0003,tritonserver,65.899,65.051,160.362,0.195,model-registry.internal,True,False,False,True,sentinel-7b-demo,True,benign_inference,benign,test
2026-08-12T01:00:00+00:00,evt-benign_i-0012,user-04,job-00,ctr-00,GPU-DEMO-0001,tritonserver,45.01,48.725,113.344,0.537,model-registry.internal,True,False,False,True,sentinel-7b-demo,True,benign_inference,benign,train
2026-08-12T01:05:00+00:00,evt-benign_i-0013,user-05,job-01,ctr-01,GPU-DEMO-0002,tritonserver,66.947,71.199,169.486,0.506,model-registry.internal,True,False,False,True,sentinel-7b-demo,True,benign_inference,benign,train
2026-08-12T01:10:00+00:00,evt-benign_i-0014,user-06,job-02,ctr-02,GPU-DEMO-0003,tritonserver,33.644,57.059,197.698,0.232,model-registry.internal,True,False,False,True,sentinel-7b-demo,True,benign_inference,benign,train
2026-08-12T01:15:00+00:00,evt-benign_i-0015,user-07,job-03,ctr-03,GPU-DEMO-0001,tritonserver,49.536,63.041,153.675,0.418,model-registry.internal,True,False,False,True,sentinel-7b-demo,True,benign_inference,benign,train
2026-08-12T01:20:00+00:00,evt-benign_i-0016,user-00,job-04,ctr-04,GPU-DEMO-0002,tritonserver,64.197,54.574,197.664,0.153,model-registry.internal,True,False,False,True,sentinel-7b-demo,True,benign_inference,benign,train
2026-08-12T01:25:00+00:00,evt-benign_i-0017,user-01,job-05,ctr-05,GPU-DEMO-0003,tritonserver,43.344,57.529,193.359,0.312,model-registry.internal,True,False,False,True,sentinel-7b-demo,True,benign_inference,benign,test
2026-08-12T01:30:00+00:00,evt-benign_i-0018,user-02,job-06,ctr-06,GPU-DEMO-0001,tritonserver,45.073,47.301,195.361,0.127,model-registry.internal,True,False,False,True,sentinel-7b-demo,True,benign_inference,benign,train
2026-08-12T01:35:00+00:00,evt-benign_i-0019,user-03,job-07,ctr-07,GPU-DEMO-0002,tritonserver,70.795,47.564,176.055,0.547,model-registry.internal,True,False,False,True,sentinel-7b-demo,True,benign_inference,benign,train
2026-08-12T01:40:00+00:00,evt-benign_i-0020,user-04,job-08,ctr-08,GPU-DEMO-0003,tritonserver,51.274,44.079,195.188,0.347,model-registry.internal,True,False,False,True,sentinel-7b-demo,True,benign_inference,benign,train
2026-08-12T01:45:00+00:00,evt-benign_i-0021,user-05,job-09,ctr-09,GPU-DEMO-0001,tritonserver,49.286,58.088,184.379,0.277,model-registry.internal,True,False,False,True,sentinel-7b-demo,True,benign_inference,benign,train
2026-08-12T01:50:00+00:00,evt-benign_i-0022,user-06,job-10,ctr-10,GPU-DEMO-0002,tritonserver,43.45,57.672,200.015,0.333,model-registry.internal,True,False,False,True,sentinel-7b-demo,True,benign_inference,benign,train
2026-08-12T01:55:00+00:00,evt-benign_i-0023,user-07,job-11,ctr-11,GPU-DEMO-0003,tritonserver,58.64,63.231,188.004,0.393,model-registry.internal,True,False,False,True,sentinel-7b-demo,True,benign_inference,benign,test
2026-08-12T02:00:00+00:00,evt-benign_i-0024,user-00,job-00,ctr-00,GPU-DEMO-0001,tritonserver,55.589,67.964,179.019,0.146,model-registry.internal,True,False,False,True,sentinel-7b-demo,True,benign_inference,benign,train
2026-08-12T02:05:00+00:00,evt-benign_i-0025,user-01,job-01,ctr-01,GPU-DEMO-0002,tritonserver,32.576,51.202,215.916,0.252,model-registry.internal,True,False,False,True,sentinel-7b-demo,True,benign_inference,benign,train
2026-08-12T02:10:00+00:00,evt-benign_i-0026,user-02,job-02,ctr-02,GPU-DEMO-0003,tritonserver,56.333,63.446,175.756,0.282,model-registry.internal,True,False,False,True,sentinel-7b-demo,True,benign_inference,benign,train
2026-08-12T02:15:00+00:00,evt-benign_i-0027,user-03,job-03,ctr-03,GPU-DEMO-0001,tritonserver,35.3,67.905,209.059,0.154,model-registry.internal,True,False,False,True,sentinel-7b-demo,True,benign_inference,benign,train
2026-08-12T02:20:00+00:00,evt-benign_i-0028,user-04,job-04,ctr-04,GPU-DEMO-0002,tritonserver,26.957,57.285,172.171,0.592,model-registry.internal,True,False,False,True,sentinel-7b-demo,True,benign_inference,benign,train
2026-08-12T02:25:00+00:00,evt-benign_i-0029,user-05,job-05,ctr-05,GPU-DEMO-0003,model-checkpoint,52.58,47.789,202.878,205.833,backup.example.invalid,True,False,False,True,sentinel-7b-demo,True,benign_inference,benign,test
2026-08-12T02:30:00+00:00,evt-benign_i-0030,user-06,job-06,ctr-06,GPU-DEMO-0001,tritonserver,52.175,45.936,152.171,0.575,model-registry.internal,True,False,False,True,sentinel-7b-demo,True,benign_inference,benign,train
2026-08-12T02:35:00+00:00,evt-benign_i-0031,user-07,job-07,ctr-07,GPU-DEMO-0002,tritonserver,39.758,56.357,104.284,0.296,model-registry.internal,True,False,False,True,sentinel-7b-demo,True,benign_inference,benign,train
2026-08-12T02:40:00+00:00,evt-benign_i-0032,user-00,job-08,ctr-08,GPU-DEMO-0003,tritonserver,30.77,43.404,188.582,0.189,model-registry.internal,True,False,False,True,sentinel-7b-demo,True,benign_inference,benign,train
2026-08-12T02:45:00+00:00,evt-benign_i-0033,user-01,job-09,ctr-09,GPU-DEMO-0001,tritonserver,19.36,47.146,156.761,0.203,model-registry.internal,True,False,False,True,sentinel-7b-demo,True,benign_inference,benign,train
2026-08-12T02:50:00+00:00,evt-benign_i-0034,user-02,job-10,ctr-10,GPU-DEMO-0002,tritonserver,35.514,57.934,165.991,0.225,model-registry.internal,True,False,False,True,sentinel-7b-demo,True,benign_inference,benign,train
2026-08-12T02:55:00+00:00,evt-benign_i-0035,user-03,job-11,ctr-11,GPU-DEMO-0003,tritonserver,52.614,50.377,139.735,0.278,model-registry.internal,True,False,False,True,sentinel-7b-demo,True,benign_inference,benign,test
2026-08-12T03:00:00+00:00,evt-benign_i-0036,user-04,job-00,ctr-00,GPU-DEMO-0001,tritonserver,46.038,69.456,165.21,0.403,model-registry.internal,True,False,False,True,sentinel-7b-demo,True,benign_inference,benign,train
2026-08-12T03:05:00+00:00,evt-benign_i-0037,user-05,job-01,ctr-01,GPU-DEMO-0002,tritonserver,64.462,66.735,131.063,0.208,model-registry.internal,True,False,False,True,sentinel-7b-demo,True,benign_inference,benign,train
2026-08-12T03:10:00+00:00,evt-benign_i-0038,user-06,job-02,ctr-02,GPU-DEMO-0003,tritonserver,62.091,57.228,183.967,0.472,model-registry.internal,True,False,False,True,sentinel-7b-demo,True,benign_inference,benign,train
2026-08-12T03:15:00+00:00,evt-benign_i-0039,user-07,job-03,ctr-03,GPU-DEMO-0001,tritonserver,42.112,64.946,179.36,0.116,model-registry.internal,True,False,False,True,sentinel-7b-demo,True,benign_inference,benign,train
2026-08-12T03:20:00+00:00,evt-benign_i-0040,user-00,job-04,ctr-04,GPU-DEMO-0002,tritonserver,51.818,60.882,178.756,0.501,model-registry.internal,True,False,False,True,sentinel-7b-demo,True,benign_inference,benign,train
2026-08-12T03:25:00+00:00,evt-benign_i-0041,user-01,job-05,ctr-05,GPU-DEMO-0003,tritonserver,48.599,77.185,185.421,0.514,model-registry.internal,True,False,False,True,sentinel-7b-demo,True,benign_inference,benign,test
2026-08-12T03:30:00+00:00,evt-benign_i-0042,user-02,job-06,ctr-06,GPU-DEMO-0001,tritonserver,50.068,61.002,159.505,0.265,model-registry.internal,True,False,False,True,sentinel-7b-demo,True,benign_inference,benign,train
2026-08-12T03:35:00+00:00,evt-benign_i-0043,user-03,job-07,ctr-07,GPU-DEMO-0002,cuda-benchmark,97.785,34.639,328.881,0.361,model-registry.internal,True,False,False,True,sentinel-7b-demo,True,benign_inference,benign,train
2026-08-12T03:40:00+00:00,evt-benign_i-0044,user-04,job-08,ctr-08,GPU-DEMO-0003,tritonserver,56.613,31.058,160.985,0.156,model-registry.internal,True,False,False,True,sentinel-7b-demo,True,benign_inference,benign,train
2026-08-12T03:45:00+00:00,evt-benign_i-0045,user-05,job-09,ctr-09,GPU-DEMO-0001,tritonserver,57.46,60.296,176.802,0.802,model-registry.internal,True,False,False,True,sentinel-7b-demo,True,benign_inference,benign,train
2026-08-12T03:50:00+00:00,evt-benign_i-0046,user-06,job-10,ctr-10,GPU-DEMO-0002,tritonserver,54.199,46.689,162.91,0.297,model-registry.internal,True,False,False,True,sentinel-7b-demo,True,benign_inference,benign,train
2026-08-12T03:55:00+00:00,evt-benign_i-0047,user-07,job-11,ctr-11,GPU-DEMO-0003,tritonserver,41.654,48.99,139.819,0.147,model-registry.internal,True,False,False,True,sentinel-7b-demo,True,benign_inference,benign,test
2026-08-12T04:00:00+00:00,evt-benign_i-0048,user-00,job-00,ctr-00,GPU-DEMO-0001,tritonserver,40.184,62.309,177.777,0.125,model-registry.internal,True,False,False,True,sentinel-7b-demo,True,benign_inference,benign,train
2026-08-12T04:05:00+00:00,evt-benign_i-0049,user-01,job-01,ctr-01,GPU-DEMO-0002,tritonserver,39.449,37.172,195.902,0.237,model-registry.internal,True,False,False,True,sentinel-7b-demo,True,benign_inference,benign,train
2026-08-12T04:10:00+00:00,evt-benign_i-0050,user-02,job-02,ctr-02,GPU-DEMO-0003,tritonserver,40.783,53.456,141.198,0.464,model-registry.internal,True,False,False,True,sentinel-7b-demo,True,benign_inference,benign,train
2026-08-12T04:15:00+00:00,evt-benign_i-0051,user-03,job-03,ctr-03,GPU-DEMO-0001,tritonserver,46.465,50.149,194.119,0.252,model-registry.internal,True,False,False,True,sentinel-7b-demo,True,benign_inference,benign,train
2026-08-12T04:20:00+00:00,evt-benign_i-0052,user-04,job-04,ctr-04,GPU-DEMO-0002,tritonserver,35.472,59.321,198.516,0.408,model-registry.internal,True,False,False,True,sentinel-7b-demo,True,benign_inference,benign,train
2026-08-12T04:25:00+00:00,evt-benign_i-0053,user-05,job-05,ctr-05,GPU-DEMO-0003,tritonserver,35.022,54.901,188.324,0.259,model-registry.internal,True,False,False,True,sentinel-7b-demo,True,benign_inference,benign,test
2026-08-12T04:30:00+00:00,evt-benign_i-0054,user-06,job-06,ctr-06,GPU-DEMO-0001,tritonserver,56.847,42.223,195.686,0.537,model-registry.internal,True,False,False,True,sentinel-7b-demo,True,benign_inference,benign,train
2026-08-12T04:35:00+00:00,evt-benign_i-0055,user-07,job-07,ctr-07,GPU-DEMO-0002,tritonserver,18.733,42.121,110.143,0.321,model-registry.internal,True,False,False,True,sentinel-7b-demo,True,benign_inference,benign,train
2026-08-12T04:40:00+00:00,evt-benign_i-0056,user-00,job-08,ctr-08,GPU-DEMO-0003,tritonserver,45.533,73.829,121.228,0.216,model-registry.internal,True,False,False,True,sentinel-7b-demo,True,benign_inference,benign,train
2026-08-12T04:45:00+00:00,evt-benign_i-0057,user-01,job-09,ctr-09,GPU-DEMO-0001,tritonserver,68.38,59.685,178.188,0.253,model-registry.internal,True,False,False,True,sentinel-7b-demo,True,benign_inference,benign,train
2026-08-12T04:50:00+00:00,evt-benign_i-0058,user-02,job-10,ctr-10,GPU-DEMO-0002,model-checkpoint,54.537,46.507,139.139,204.392,backup.example.invalid,True,False,False,True,sentinel-7b-demo,True,benign_inference,benign,train
2026-08-12T04:55:00+00:00,evt-benign_i-0059,user-03,job-11,ctr-11,GPU-DEMO-0003,tritonserver,51.181,48.441,154.972,0.135,model-registry.internal,True,False,False,True,sentinel-7b-demo,True,benign_inference,benign,test
2026-08-12T05:00:00+00:00,evt-benign_i-0060,user-04,job-00,ctr-00,GPU-DEMO-0001,tritonserver,72.827,64.681,161.027,0.197,model-registry.internal,True,False,False,True,sentinel-7b-demo,True,benign_inference,benign,train
2026-08-12T05:05:00+00:00,evt-benign_i-0061,user-05,job-01,ctr-01,GPU-DEMO-0002,tritonserver,74.841,52.64,160.105,0.287,model-registry.internal,False,False,False,True,sentinel-7b-demo,True,benign_inference,benign,train
2026-08-12T05:10:00+00:00,evt-benign_i-0062,user-06,job-02,ctr-02,GPU-DEMO-0003,tritonserver,34.314,57.446,190.138,0.43,model-registry.internal,True,False,False,True,sentinel-7b-demo,True,benign_inference,benign,train
2026-08-12T05:15:00+00:00,evt-benign_i-0063,user-07,job-03,ctr-03,GPU-DEMO-0001,tritonserver,53.581,60.097,177.724,0.696,model-registry.internal,True,False,False,True,sentinel-7b-demo,True,benign_inference,benign,train
2026-08-12T05:20:00+00:00,evt-benign_i-0064,user-00,job-04,ctr-04,GPU-DEMO-0002,tritonserver,47.65,48.354,162.079,0.426,model-registry.internal,True,False,False,True,sentinel-7b-demo,True,benign_inference,benign,train
2026-08-12T05:25:00+00:00,evt-benign_i-0065,user-01,job-05,ctr-05,GPU-DEMO-0003,tritonserver,26.407,57.242,143.102,0.245,model-registry.internal,True,False,False,True,sentinel-7b-demo,True,benign_inference,benign,test
2026-08-12T05:30:00+00:00,evt-benign_i-0066,user-02,job-06,ctr-06,GPU-DEMO-0001,tritonserver,36.218,45.733,222.357,0.479,model-registry.internal,True,False,False,True,sentinel-7b-demo,True,benign_inference,benign,train
2026-08-12T05:35:00+00:00,evt-benign_i-0067,user-03,job-07,ctr-07,GPU-DEMO-0002,tritonserver,52.352,65.898,176.702,0.403,model-registry.internal,True,False,False,True,sentinel-7b-demo,True,benign_inference,benign,train
2026-08-12T05:40:00+00:00,evt-benign_i-0068,user-04,job-08,ctr-08,GPU-DEMO-0003,tritonserver,28.317,53.171,187.097,0.339,model-registry.internal,True,False,False,True,sentinel-7b-demo,True,benign_inference,benign,train
2026-08-12T05:45:00+00:00,evt-benign_i-0069,user-05,job-09,ctr-09,GPU-DEMO-0001,tritonserver,57.106,68.564,174.162,0.141,model-registry.internal,True,False,False,True,sentinel-7b-demo,True,benign_inference,benign,train
2026-08-12T05:50:00+00:00,evt-benign_i-0070,user-06,job-10,ctr-10,GPU-DEMO-0002,tritonserver,29.348,42.624,139.377,0.26,model-registry.internal,True,False,False,True,sentinel-7b-demo,True,benign_inference,benign,train
2026-08-12T05:55:00+00:00,evt-benign_i-0071,user-07,job-11,ctr-11,GPU-DEMO-0003,tritonserver,31.728,62.559,195.469,1.597,model-registry.internal,True,False,False,True,sentinel-7b-demo,True,benign_inference,benign,test
2026-08-12T06:00:00+00:00,evt-benign_i-0072,user-00,job-00,ctr-00,GPU-DEMO-0001,tritonserver,53.799,54.936,177.452,0.217,model-registry.internal,True,False,False,True,sentinel-7b-demo,True,benign_inference,benign,train
2026-08-12T06:05:00+00:00,evt-benign_i-0073,user-01,job-01,ctr-01,GPU-DEMO-0002,tritonserver,29.776,50.222,209.973,0.379,model-registry.internal,True,False,False,True,sentinel-7b-demo,True,benign_inference,benign,train
2026-08-12T06:10:00+00:00,evt-benign_i-0074,user-02,job-02,ctr-02,GPU-DEMO-0003,tritonserver,49.655,60.702,122.978,0.327,model-registry.internal,True,False,False,True,sentinel-7b-demo,True,benign_inference,benign,train
2026-08-12T06:15:00+00:00,evt-benign_i-0075,user-03,job-03,ctr-03,GPU-DEMO-0001,tritonserver,25.977,51.194,179.675,0.48,model-registry.internal,True,False,False,True,sentinel-7b-demo,True,benign_inference,benign,train
2026-08-12T06:20:00+00:00,evt-benign_i-0076,user-04,job-04,ctr-04,GPU-DEMO-0002,tritonserver,40.449,62.473,151.36,0.273,model-registry.internal,True,False,False,True,sentinel-7b-demo,True,benign_inference,benign,train
2026-08-12T06:25:00+00:00,evt-benign_i-0077,user-05,job-05,ctr-05,GPU-DEMO-0003,tritonserver,59.775,44.172,177.999,0.624,model-registry.internal,True,False,False,True,sentinel-7b-demo,True,benign_inference,benign,test
2026-08-12T06:30:00+00:00,evt-benign_i-0078,user-06,job-06,ctr-06,GPU-DEMO-0001,tritonserver,41.934,68.593,159.09,0.503,model-registry.internal,True,False,False,True,sentinel-7b-demo,True,benign_inference,benign,train
2026-08-12T06:35:00+00:00,evt-benign_i-0079,user-07,job-07,ctr-07,GPU-DEMO-0002,tritonserver,80.841,40.48,214.801,0.172,model-registry.internal,True,False,False,True,sentinel-7b-demo,True,benign_inference,benign,train
2026-08-12T06:40:00+00:00,evt-benign_i-0080,user-00,job-08,ctr-08,GPU-DEMO-0003,tritonserver,46.651,76.87,180.665,0.246,model-registry.internal,True,False,False,True,sentinel-7b-demo,True,benign_inference,benign,train
2026-08-12T06:45:00+00:00,evt-benign_i-0081,user-01,job-09,ctr-09,GPU-DEMO-0001,tritonserver,68.156,35.241,161.575,0.802,model-registry.internal,True,False,False,True,sentinel-7b-demo,True,benign_inference,benign,train
2026-08-12T06:50:00+00:00,evt-benign_i-0082,user-02,job-10,ctr-10,GPU-DEMO-0002,tritonserver,51.285,46.839,197.863,0.227,model-registry.internal,True,False,False,True,sentinel-7b-demo,True,benign_inference,benign,train
2026-08-12T06:55:00+00:00,evt-benign_i-0083,user-03,job-11,ctr-11,GPU-DEMO-0003,tritonserver,50.592,36.51,136.21,0.334,model-registry.internal,True,False,False,True,sentinel-7b-demo,True,benign_inference,benign,test
2026-08-12T07:00:00+00:00,evt-benign_i-0084,user-04,job-00,ctr-00,GPU-DEMO-0001,tritonserver,39.5,51.856,133.168,0.657,model-registry.internal,True,False,False,True,sentinel-7b-demo,True,benign_inference,benign,train
2026-08-12T07:05:00+00:00,evt-benign_i-0085,user-05,job-01,ctr-01,GPU-DEMO-0002,tritonserver,50.613,62.171,121.125,0.324,model-registry.internal,True,False,False,True,sentinel-7b-demo,True,benign_inference,benign,train
2026-08-12T07:10:00+00:00,evt-benign_i-0086,user-06,job-02,ctr-02,GPU-DEMO-0003,cuda-benchmark,91.844,51.632,338.464,0.839,model-registry.internal,True,False,False,True,sentinel-7b-demo,True,benign_inference,benign,train
2026-08-12T07:15:00+00:00,evt-benign_i-0087,user-07,job-03,ctr-03,GPU-DEMO-0001,model-checkpoint,46.846,40.037,194.638,205.284,backup.example.invalid,True,False,False,True,sentinel-7b-demo,True,benign_inference,benign,train
2026-08-12T07:20:00+00:00,evt-benign_i-0088,user-00,job-04,ctr-04,GPU-DEMO-0002,tritonserver,22.308,39.508,189.078,0.486,model-registry.internal,True,False,False,True,sentinel-7b-demo,True,benign_inference,benign,train
2026-08-12T07:25:00+00:00,evt-benign_i-0089,user-01,job-05,ctr-05,GPU-DEMO-0003,tritonserver,42.831,68.716,215.815,0.316,model-registry.internal,True,False,False,True,sentinel-7b-demo,True,benign_inference,benign,test
2026-08-12T07:30:00+00:00,evt-benign_i-0090,user-02,job-06,ctr-06,GPU-DEMO-0001,tritonserver,22.546,51.42,171.144,0.159,model-registry.internal,True,False,False,True,sentinel-7b-demo,True,benign_inference,benign,train
2026-08-12T07:35:00+00:00,evt-benign_i-0091,user-03,job-07,ctr-07,GPU-DEMO-0002,tritonserver,54.842,68.688,115.313,0.5,model-registry.internal,True,False,False,True,sentinel-7b-demo,True,benign_inference,benign,train
2026-08-12T07:40:00+00:00,evt-benign_i-0092,user-04,job-08,ctr-08,GPU-DEMO-0003,tritonserver,52.454,56.596,164.852,0.214,model-registry.internal,True,False,False,True,sentinel-7b-demo,True,benign_inference,benign,train
2026-08-12T07:45:00+00:00,evt-benign_i-0093,user-05,job-09,ctr-09,GPU-DEMO-0001,tritonserver,59.157,53.553,146.429,0.466,model-registry.internal,True,False,False,True,sentinel-7b-demo,True,benign_inference,benign,train
2026-08-12T07:50:00+00:00,evt-benign_i-0094,user-06,job-10,ctr-10,GPU-DEMO-0002,tritonserver,36.589,60.02,171.698,0.178,model-registry.internal,True,False,False,True,sentinel-7b-demo,True,benign_inference,benign,train
2026-08-12T07:55:00+00:00,evt-benign_i-0095,user-07,job-11,ctr-11,GPU-DEMO-0003,tritonserver,37.54,53.877,189.176,0.306,model-registry.internal,True,False,False,True,sentinel-7b-demo,True,benign_inference,benign,test
2026-08-12T08:00:00+00:00,evt-benign_i-0096,user-00,job-00,ctr-00,GPU-DEMO-0001,tritonserver,44.479,45.723,153.229,0.186,model-registry.internal,True,False,False,True,sentinel-7b-demo,True,benign_inference,benign,train
2026-08-12T08:05:00+00:00,evt-benign_i-0097,user-01,job-01,ctr-01,GPU-DEMO-0002,tritonserver,38.119,41.071,212.823,0.517,model-registry.internal,True,False,False,True,sentinel-7b-demo,True,benign_inference,benign,train
2026-08-12T08:10:00+00:00,evt-benign_i-0098,user-02,job-02,ctr-02,GPU-DEMO-0003,tritonserver,58.484,71.627,165.918,0.395,model-registry.internal,True,False,False,True,sentinel-7b-demo,True,benign_inference,benign,train
2026-08-12T08:15:00+00:00,evt-benign_i-0099,user-03,job-03,ctr-03,GPU-DEMO-0001,tritonserver,25.17,50.697,144.324,0.191,model-registry.internal,True,False,False,True,sentinel-7b-demo,True,benign_inference,benign,train
2026-08-12T08:20:00+00:00,evt-benign_i-0100,user-04,job-04,ctr-04,GPU-DEMO-0002,tritonserver,51.368,58.284,152.406,0.539,model-registry.internal,True,False,False,True,sentinel-7b-demo,True,benign_inference,benign,train
2026-08-12T08:25:00+00:00,evt-benign_i-0101,user-05,job-05,ctr-05,GPU-DEMO-0003,tritonserver,57.651,36.995,131.527,0.144,model-registry.internal,True,False,False,True,sentinel-7b-demo,True,benign_inference,benign,test
2026-08-12T08:30:00+00:00,evt-benign_i-0102,user-06,job-06,ctr-06,GPU-DEMO-0001,tritonserver,66.477,45.896,154.83,0.168,model-registry.internal,True,False,False,True,sentinel-7b-demo,True,benign_inference,benign,train
2026-08-12T08:35:00+00:00,evt-benign_i-0103,user-07,job-07,ctr-07,GPU-DEMO-0002,tritonserver,54.418,74.01,173.448,0.242,model-registry.internal,True,False,False,True,sentinel-7b-demo,True,benign_inference,benign,train
2026-08-12T08:40:00+00:00,evt-benign_i-0104,user-00,job-08,ctr-08,GPU-DEMO-0003,tritonserver,48.126,59.439,208.75,0.879,model-registry.internal,True,False,False,True,sentinel-7b-demo,True,benign_inference,benign,train
2026-08-12T08:45:00+00:00,evt-benign_i-0105,user-01,job-09,ctr-09,GPU-DEMO-0001,tritonserver,37.862,50.196,215.922,0.227,model-registry.internal,True,False,False,True,sentinel-7b-demo,True,benign_inference,benign,train
2026-08-12T08:50:00+00:00,evt-benign_i-0106,user-02,job-10,ctr-10,GPU-DEMO-0002,tritonserver,29.798,39.174,160.647,0.245,model-registry.internal,True,False,False,True,sentinel-7b-demo,True,benign_inference,benign,train
2026-08-12T08:55:00+00:00,evt-benign_i-0107,user-03,job-11,ctr-11,GPU-DEMO-0003,tritonserver,40.363,62.989,196.011,0.346,model-registry.internal,True,False,False,True,sentinel-7b-demo,True,benign_inference,benign,test
2026-08-12T09:00:00+00:00,evt-benign_i-0108,user-04,job-00,ctr-00,GPU-DEMO-0001,tritonserver,60.064,54.748,151.819,0.197,model-registry.internal,True,False,False,True,sentinel-7b-demo,True,benign_inference,benign,train
2026-08-12T09:05:00+00:00,evt-benign_i-0109,user-05,job-01,ctr-01,GPU-DEMO-0002,tritonserver,48.038,62.571,190.879,0.38,model-registry.internal,True,False,False,True,sentinel-7b-demo,True,benign_inference,benign,train
2026-08-12T09:10:00+00:00,evt-benign_i-0110,user-06,job-02,ctr-02,GPU-DEMO-0003,tritonserver,43.192,54.176,165.411,0.173,model-registry.internal,True,False,False,True,sentinel-7b-demo,True,benign_inference,benign,train
2026-08-12T09:15:00+00:00,evt-benign_i-0111,user-07,job-03,ctr-03,GPU-DEMO-0001,tritonserver,31.823,47.494,140.659,0.13,model-registry.internal,True,False,False,True,sentinel-7b-demo,True,benign_inference,benign,train
2026-08-12T09:20:00+00:00,evt-benign_i-0112,user-00,job-04,ctr-04,GPU-DEMO-0002,tritonserver,59.19,38.073,159.861,0.377,model-registry.internal,True,False,False,True,sentinel-7b-demo,True,benign_inference,benign,train
2026-08-12T09:25:00+00:00,evt-benign_i-0113,user-01,job-05,ctr-05,GPU-DEMO-0003,tritonserver,42.899,47.358,140.243,0.268,model-registry.internal,True,False,False,True,sentinel-7b-demo,True,benign_inference,benign,test
2026-08-12T09:30:00+00:00,evt-benign_i-0114,user-02,job-06,ctr-06,GPU-DEMO-0001,tritonserver,37.294,47.924,145.481,0.228,model-registry.internal,True,False,False,True,sentinel-7b-demo,True,benign_inference,benign,train
2026-08-12T09:35:00+00:00,evt-benign_i-0115,user-03,job-07,ctr-07,GPU-DEMO-0002,tritonserver,42.618,63.139,198.381,0.134,model-registry.internal,True,False,False,True,sentinel-7b-demo,True,benign_inference,benign,train
2026-08-12T09:40:00+00:00,evt-benign_i-0116,user-04,job-08,ctr-08,GPU-DEMO-0003,model-checkpoint,42.674,57.201,169.313,154.155,backup.example.invalid,True,False,False,True,sentinel-7b-demo,True,benign_inference,benign,train
2026-08-12T09:45:00+00:00,evt-benign_i-0117,user-05,job-09,ctr-09,GPU-DEMO-0001,tritonserver,38.816,62.256,169.013,0.247,model-registry.internal,True,False,False,True,sentinel-7b-demo,True,benign_inference,benign,train
2026-08-12T09:50:00+00:00,evt-benign_i-0118,user-06,job-10,ctr-10,GPU-DEMO-0002,tritonserver,35.847,77.664,167.644,0.246,model-registry.internal,True,False,False,True,sentinel-7b-demo,True,benign_inference,benign,train
2026-08-12T09:55:00+00:00,evt-benign_i-0119,user-07,job-11,ctr-11,GPU-DEMO-0003,tritonserver,37.361,48.878,223.032,0.24,model-registry.internal,True,False,False,True,sentinel-7b-demo,True,benign_inference,benign,test
2026-08-12T10:00:00+00:00,evt-benign_i-0120,user-00,job-00,ctr-00,GPU-DEMO-0001,tritonserver,69.701,66.569,189.333,0.633,model-registry.internal,True,False,False,True,sentinel-7b-demo,True,benign_inference,benign,train
2026-08-12T10:05:00+00:00,evt-benign_i-0121,user-01,job-01,ctr-01,GPU-DEMO-0002,tritonserver,38.384,39.472,189.021,0.611,model-registry.internal,True,False,False,True,sentinel-7b-demo,True,benign_inference,benign,train
2026-08-12T10:10:00+00:00,evt-benign_i-0122,user-02,job-02,ctr-02,GPU-DEMO-0003,tritonserver,43.241,66.447,186.927,0.255,model-registry.internal,False,False,False,True,sentinel-7b-demo,True,benign_inference,benign,train
2026-08-12T10:15:00+00:00,evt-benign_i-0123,user-03,job-03,ctr-03,GPU-DEMO-0001,tritonserver,26.601,63.617,174.975,0.167,model-registry.internal,True,False,False,True,sentinel-7b-demo,True,benign_inference,benign,train
2026-08-12T10:20:00+00:00,evt-benign_i-0124,user-04,job-04,ctr-04,GPU-DEMO-0002,tritonserver,83.583,63.922,156.948,0.306,model-registry.internal,True,False,False,True,sentinel-7b-demo,True,benign_inference,benign,train
2026-08-12T10:25:00+00:00,evt-benign_i-0125,user-05,job-05,ctr-05,GPU-DEMO-0003,tritonserver,32.406,54.383,149.396,0.199,model-registry.internal,True,False,False,True,sentinel-7b-demo,True,benign_inference,benign,test
2026-08-12T10:30:00+00:00,evt-benign_i-0126,user-06,job-06,ctr-06,GPU-DEMO-0001,tritonserver,18.034,55.945,160.086,0.14,model-registry.internal,True,False,False,True,sentinel-7b-demo,True,benign_inference,benign,train
2026-08-12T10:35:00+00:00,evt-benign_i-0127,user-07,job-07,ctr-07,GPU-DEMO-0002,tritonserver,39.21,46.459,108.921,0.296,model-registry.internal,True,False,False,True,sentinel-7b-demo,True,benign_inference,benign,train
2026-08-12T10:40:00+00:00,evt-benign_i-0128,user-00,job-08,ctr-08,GPU-DEMO-0003,tritonserver,39.537,57.509,124.099,0.901,model-registry.internal,True,False,False,True,sentinel-7b-demo,True,benign_inference,benign,train
2026-08-12T10:45:00+00:00,evt-benign_i-0129,user-01,job-09,ctr-09,GPU-DEMO-0001,cuda-benchmark,94.022,53.879,303.39,0.339,model-registry.internal,True,False,False,True,sentinel-7b-demo,True,benign_inference,benign,train
2026-08-12T10:50:00+00:00,evt-benign_i-0130,user-02,job-10,ctr-10,GPU-DEMO-0002,tritonserver,39.159,52.5,176.522,0.543,model-registry.internal,True,False,False,True,sentinel-7b-demo,True,benign_inference,benign,train
2026-08-12T10:55:00+00:00,evt-benign_i-0131,user-03,job-11,ctr-11,GPU-DEMO-0003,tritonserver,37.326,45.223,191.429,0.324,model-registry.internal,True,False,False,True,sentinel-7b-demo,True,benign_inference,benign,test
2026-08-12T11:00:00+00:00,evt-benign_i-0132,user-04,job-00,ctr-00,GPU-DEMO-0001,tritonserver,85.331,35.862,185.741,0.28,model-registry.internal,True,False,False,True,sentinel-7b-demo,True,benign_inference,benign,train
2026-08-12T11:05:00+00:00,evt-benign_i-0133,user-05,job-01,ctr-01,GPU-DEMO-0002,tritonserver,26.156,54.923,182.484,0.289,model-registry.internal,True,False,False,True,sentinel-7b-demo,True,benign_inference,benign,train
2026-08-12T11:10:00+00:00,evt-benign_i-0134,user-06,job-02,ctr-02,GPU-DEMO-0003,tritonserver,49.289,49.661,201.644,0.255,model-registry.internal,True,False,False,True,sentinel-7b-demo,True,benign_inference,benign,train
2026-08-12T11:15:00+00:00,evt-benign_i-0135,user-07,job-03,ctr-03,GPU-DEMO-0001,tritonserver,44.084,56.426,169.212,0.079,model-registry.internal,True,False,False,True,sentinel-7b-demo,True,benign_inference,benign,train
2026-08-12T11:20:00+00:00,evt-benign_i-0136,user-00,job-04,ctr-04,GPU-DEMO-0002,tritonserver,27.239,61.331,216.727,0.528,model-registry.internal,True,False,False,True,sentinel-7b-demo,True,benign_inference,benign,train
2026-08-12T11:25:00+00:00,evt-benign_i-0137,user-01,job-05,ctr-05,GPU-DEMO-0003,tritonserver,44.363,62.248,172.37,0.398,model-registry.internal,True,False,False,True,sentinel-7b-demo,True,benign_inference,benign,test
2026-08-12T11:30:00+00:00,evt-benign_i-0138,user-02,job-06,ctr-06,GPU-DEMO-0001,tritonserver,69.403,40.265,148.192,0.272,model-registry.internal,True,False,False,True,sentinel-7b-demo,True,benign_inference,benign,train
2026-08-12T11:35:00+00:00,evt-benign_i-0139,user-03,job-07,ctr-07,GPU-DEMO-0002,tritonserver,70.997,54.145,204.03,0.215,model-registry.internal,True,False,False,True,sentinel-7b-demo,True,benign_inference,benign,train
2026-08-12T11:40:00+00:00,evt-benign_i-0140,user-04,job-08,ctr-08,GPU-DEMO-0003,tritonserver,53.764,65.464,144.217,0.348,model-registry.internal,True,False,False,True,sentinel-7b-demo,True,benign_inference,benign,train
2026-08-12T11:45:00+00:00,evt-benign_i-0141,user-05,job-09,ctr-09,GPU-DEMO-0001,tritonserver,47.248,65.306,166.42,0.163,model-registry.internal,True,False,False,True,sentinel-7b-demo,True,benign_inference,benign,train
2026-08-12T11:50:00+00:00,evt-benign_i-0142,user-06,job-10,ctr-10,GPU-DEMO-0002,tritonserver,35.185,56.114,167.688,0.394,model-registry.internal,True,False,False,True,sentinel-7b-demo,True,benign_inference,benign,train
2026-08-12T11:55:00+00:00,evt-benign_i-0143,user-07,job-11,ctr-11,GPU-DEMO-0003,tritonserver,41.825,56.427,168.056,0.319,model-registry.internal,True,False,False,True,sentinel-7b-demo,True,benign_inference,benign,test
2026-08-12T12:00:00+00:00,evt-benign_i-0144,user-00,job-00,ctr-00,GPU-DEMO-0001,tritonserver,42.102,38.568,175.286,0.392,model-registry.internal,True,False,False,True,sentinel-7b-demo,True,benign_inference,benign,train
2026-08-12T12:05:00+00:00,evt-benign_i-0145,user-01,job-01,ctr-01,GPU-DEMO-0002,model-checkpoint,47.862,63.147,190.4,182.544,backup.example.invalid,True,False,False,True,sentinel-7b-demo,True,benign_inference,benign,train
2026-08-12T12:10:00+00:00,evt-benign_i-0146,user-02,job-02,ctr-02,GPU-DEMO-0003,tritonserver,69.576,59.418,153.107,0.761,model-registry.internal,True,False,False,True,sentinel-7b-demo,True,benign_inference,benign,train
2026-08-12T12:15:00+00:00,evt-benign_i-0147,user-03,job-03,ctr-03,GPU-DEMO-0001,tritonserver,48.012,43.386,158.614,0.166,model-registry.internal,True,False,False,True,sentinel-7b-demo,True,benign_inference,benign,train
2026-08-12T12:20:00+00:00,evt-benign_i-0148,user-04,job-04,ctr-04,GPU-DEMO-0002,tritonserver,30.898,69.139,181.54,0.555,model-registry.internal,True,False,False,True,sentinel-7b-demo,True,benign_inference,benign,train
2026-08-12T12:25:00+00:00,evt-benign_i-0149,user-05,job-05,ctr-05,GPU-DEMO-0003,tritonserver,63.555,70.667,156.789,0.23,model-registry.internal,True,False,False,True,sentinel-7b-demo,True,benign_inference,benign,test
2026-08-12T12:30:00+00:00,evt-benign_i-0150,user-06,job-06,ctr-06,GPU-DEMO-0001,tritonserver,57.299,45.227,136.514,0.253,model-registry.internal,True,False,False,True,sentinel-7b-demo,True,benign_inference,benign,train
2026-08-12T12:35:00+00:00,evt-benign_i-0151,user-07,job-07,ctr-07,GPU-DEMO-0002,tritonserver,58.422,36.686,163.575,0.188,model-registry.internal,True,False,False,True,sentinel-7b-demo,True,benign_inference,benign,train
2026-08-12T12:40:00+00:00,evt-benign_i-0152,user-00,job-08,ctr-08,GPU-DEMO-0003,tritonserver,47.621,57.556,157.633,0.339,model-registry.internal,True,False,False,True,sentinel-7b-demo,True,benign_inference,benign,train
2026-08-12T12:45:00+00:00,evt-benign_i-0153,user-01,job-09,ctr-09,GPU-DEMO-0001,tritonserver,62.243,54.797,124.849,0.221,model-registry.internal,True,False,False,True,sentinel-7b-demo,True,benign_inference,benign,train
2026-08-12T12:50:00+00:00,evt-benign_i-0154,user-02,job-10,ctr-10,GPU-DEMO-0002,tritonserver,29.055,52.792,111.886,0.31,model-registry.internal,True,False,False,True,sentinel-7b-demo,True,benign_inference,benign,train
2026-08-12T12:55:00+00:00,evt-benign_i-0155,user-03,job-11,ctr-11,GPU-DEMO-0003,tritonserver,57.63,52.085,150.874,0.497,model-registry.internal,True,False,False,True,sentinel-7b-demo,True,benign_inference,benign,test
2026-08-12T13:00:00+00:00,evt-benign_i-0156,user-04,job-00,ctr-00,GPU-DEMO-0001,tritonserver,34.419,74.179,178.66,0.142,model-registry.internal,True,False,False,True,sentinel-7b-demo,True,benign_inference,benign,train
2026-08-12T13:05:00+00:00,evt-benign_i-0157,user-05,job-01,ctr-01,GPU-DEMO-0002,tritonserver,71.945,53.7,214.149,0.26,model-registry.internal,True,False,False,True,sentinel-7b-demo,True,benign_inference,benign,train
2026-08-12T13:10:00+00:00,evt-benign_i-0158,user-06,job-02,ctr-02,GPU-DEMO-0003,tritonserver,17.281,56.913,201.274,0.245,model-registry.internal,True,False,False,True,sentinel-7b-demo,True,benign_inference,benign,train
2026-08-12T13:15:00+00:00,evt-benign_i-0159,user-07,job-03,ctr-03,GPU-DEMO-0001,tritonserver,25.647,73.869,179.708,0.323,model-registry.internal,True,False,False,True,sentinel-7b-demo,True,benign_inference,benign,train
2026-08-12T13:20:00+00:00,evt-benign_i-0160,user-00,job-04,ctr-04,GPU-DEMO-0002,tritonserver,40.45,41.759,137.615,0.203,model-registry.internal,True,False,False,True,sentinel-7b-demo,True,benign_inference,benign,train
2026-08-12T13:25:00+00:00,evt-benign_i-0161,user-01,job-05,ctr-05,GPU-DEMO-0003,tritonserver,32.614,66.02,213.813,0.378,model-registry.internal,True,False,False,True,sentinel-7b-demo,True,benign_inference,benign,test
2026-08-12T13:30:00+00:00,evt-benign_i-0162,user-02,job-06,ctr-06,GPU-DEMO-0001,tritonserver,58.06,69.289,125.653,0.783,model-registry.internal,True,False,False,True,sentinel-7b-demo,True,benign_inference,benign,train
2026-08-12T13:35:00+00:00,evt-benign_i-0163,user-03,job-07,ctr-07,GPU-DEMO-0002,tritonserver,30.647,65.103,152.07,0.084,model-registry.internal,True,False,False,True,sentinel-7b-demo,True,benign_inference,benign,train
2026-08-12T13:40:00+00:00,evt-benign_i-0164,user-04,job-08,ctr-08,GPU-DEMO-0003,tritonserver,23.83,45.09,147.482,0.234,model-registry.internal,True,False,False,True,sentinel-7b-demo,True,benign_inference,benign,train
2026-08-12T13:45:00+00:00,evt-benign_i-0165,user-05,job-09,ctr-09,GPU-DEMO-0001,tritonserver,29.024,72.93,148.766,0.582,model-registry.internal,True,False,False,True,sentinel-7b-demo,True,benign_inference,benign,train
2026-08-12T13:50:00+00:00,evt-benign_i-0166,user-06,job-10,ctr-10,GPU-DEMO-0002,tritonserver,67.963,55.667,199.881,0.352,model-registry.internal,True,False,False,True,sentinel-7b-demo,True,benign_inference,benign,train
2026-08-12T13:55:00+00:00,evt-benign_i-0167,user-07,job-11,ctr-11,GPU-DEMO-0003,tritonserver,57.527,45.826,159.293,0.205,model-registry.internal,True,False,False,True,sentinel-7b-demo,True,benign_inference,benign,test
2026-08-12T14:00:00+00:00,evt-benign_i-0168,user-00,job-00,ctr-00,GPU-DEMO-0001,tritonserver,55.522,70.325,197.516,0.147,model-registry.internal,True,False,False,True,sentinel-7b-demo,True,benign_inference,benign,train
2026-08-12T14:05:00+00:00,evt-benign_i-0169,user-01,job-01,ctr-01,GPU-DEMO-0002,tritonserver,21.33,67.865,160.997,0.21,model-registry.internal,True,False,False,True,sentinel-7b-demo,True,benign_inference,benign,train
2026-08-12T14:10:00+00:00,evt-benign_i-0170,user-02,job-02,ctr-02,GPU-DEMO-0003,tritonserver,32.391,58.221,203.147,0.066,model-registry.internal,True,False,False,True,sentinel-7b-demo,True,benign_inference,benign,train
2026-08-12T14:15:00+00:00,evt-benign_i-0171,user-03,job-03,ctr-03,GPU-DEMO-0001,tritonserver,82.151,61.457,139.132,0.328,model-registry.internal,True,False,False,True,sentinel-7b-demo,True,benign_inference,benign,train
2026-08-12T14:20:00+00:00,evt-benign_i-0172,user-04,job-04,ctr-04,GPU-DEMO-0002,cuda-benchmark,93.076,59.364,326.482,0.305,model-registry.internal,True,False,False,True,sentinel-7b-demo,True,benign_inference,benign,train
2026-08-12T14:25:00+00:00,evt-benign_i-0173,user-05,job-05,ctr-05,GPU-DEMO-0003,tritonserver,47.803,50.276,220.586,0.267,model-registry.internal,True,False,False,True,sentinel-7b-demo,True,benign_inference,benign,test
2026-08-12T14:30:00+00:00,evt-benign_i-0174,user-06,job-06,ctr-06,GPU-DEMO-0001,model-checkpoint,46.6,50.818,172.523,195.938,backup.example.invalid,True,False,False,True,sentinel-7b-demo,True,benign_inference,benign,train
2026-08-12T14:35:00+00:00,evt-benign_i-0175,user-07,job-07,ctr-07,GPU-DEMO-0002,tritonserver,33.223,54.124,179.665,0.725,model-registry.internal,True,False,False,True,sentinel-7b-demo,True,benign_inference,benign,train
2026-08-12T14:40:00+00:00,evt-benign_i-0176,user-00,job-08,ctr-08,GPU-DEMO-0003,tritonserver,21.281,50.238,176.731,0.096,model-registry.internal,True,False,False,True,sentinel-7b-demo,True,benign_inference,benign,train
2026-08-12T14:45:00+00:00,evt-benign_i-0177,user-01,job-09,ctr-09,GPU-DEMO-0001,tritonserver,56.244,63.678,206.28,0.211,model-registry.internal,True,False,False,True,sentinel-7b-demo,True,benign_inference,benign,train
2026-08-12T14:50:00+00:00,evt-benign_i-0178,user-02,job-10,ctr-10,GPU-DEMO-0002,tritonserver,57.84,60.905,151.301,0.146,model-registry.internal,True,False,False,True,sentinel-7b-demo,True,benign_inference,benign,train
2026-08-12T14:55:00+00:00,evt-benign_i-0179,user-03,job-11,ctr-11,GPU-DEMO-0003,tritonserver,72.879,51.824,192.918,0.245,model-registry.internal,True,False,False,True,sentinel-7b-demo,True,benign_inference,benign,test
2026-08-12T15:00:00+00:00,evt-benign_i-0180,user-04,job-00,ctr-00,GPU-DEMO-0001,tritonserver,61.823,72.856,150.563,0.138,model-registry.internal,True,False,False,True,sentinel-7b-demo,True,benign_inference,benign,train
2026-08-12T15:05:00+00:00,evt-benign_i-0181,user-05,job-01,ctr-01,GPU-DEMO-0002,tritonserver,56.236,58.282,151.554,0.236,model-registry.internal,True,False,False,True,sentinel-7b-demo,True,benign_inference,benign,train
2026-08-12T15:10:00+00:00,evt-benign_i-0182,user-06,job-02,ctr-02,GPU-DEMO-0003,tritonserver,36.842,51.455,174.145,1.355,model-registry.internal,True,False,False,True,sentinel-7b-demo,True,benign_inference,benign,train
2026-08-12T15:15:00+00:00,evt-benign_i-0183,user-07,job-03,ctr-03,GPU-DEMO-0001,tritonserver,23.092,58.025,188.061,0.313,model-registry.internal,False,False,False,True,sentinel-7b-demo,True,benign_inference,benign,train
2026-08-12T15:20:00+00:00,evt-benign_i-0184,user-00,job-04,ctr-04,GPU-DEMO-0002,tritonserver,57.1,64.727,175.085,1.126,model-registry.internal,True,False,False,True,sentinel-7b-demo,True,benign_inference,benign,train
2026-08-12T15:25:00+00:00,evt-benign_i-0185,user-01,job-05,ctr-05,GPU-DEMO-0003,tritonserver,70.622,42.702,191.52,0.317,model-registry.internal,True,False,False,True,sentinel-7b-demo,True,benign_inference,benign,test
2026-08-12T15:30:00+00:00,evt-benign_i-0186,user-02,job-06,ctr-06,GPU-DEMO-0001,tritonserver,57.932,74.209,157.737,0.174,model-registry.internal,True,False,False,True,sentinel-7b-demo,True,benign_inference,benign,train
2026-08-12T15:35:00+00:00,evt-benign_i-0187,user-03,job-07,ctr-07,GPU-DEMO-0002,tritonserver,54.165,55.402,196.614,0.441,model-registry.internal,True,False,False,True,sentinel-7b-demo,True,benign_inference,benign,train
2026-08-12T15:40:00+00:00,evt-benign_i-0188,user-04,job-08,ctr-08,GPU-DEMO-0003,tritonserver,26.422,76.499,122.721,0.165,model-registry.internal,True,False,False,True,sentinel-7b-demo,True,benign_inference,benign,train
2026-08-12T15:45:00+00:00,evt-benign_i-0189,user-05,job-09,ctr-09,GPU-DEMO-0001,tritonserver,51.318,42.55,154.361,0.189,model-registry.internal,True,False,False,True,sentinel-7b-demo,True,benign_inference,benign,train
2026-08-12T15:50:00+00:00,evt-benign_i-0190,user-06,job-10,ctr-10,GPU-DEMO-0002,tritonserver,47.848,44.235,183.744,0.164,model-registry.internal,True,False,False,True,sentinel-7b-demo,True,benign_inference,benign,train
2026-08-12T15:55:00+00:00,evt-benign_i-0191,user-07,job-11,ctr-11,GPU-DEMO-0003,tritonserver,35.688,51.09,160.701,0.642,model-registry.internal,True,False,False,True,sentinel-7b-demo,True,benign_inference,benign,test
2026-08-12T16:00:00+00:00,evt-benign_i-0192,user-00,job-00,ctr-00,GPU-DEMO-0001,tritonserver,39.909,41.616,199.792,0.138,model-registry.internal,True,False,False,True,sentinel-7b-demo,True,benign_inference,benign,train
2026-08-12T16:05:00+00:00,evt-benign_i-0193,user-01,job-01,ctr-01,GPU-DEMO-0002,tritonserver,44.612,48.058,206.52,0.325,model-registry.internal,True,False,False,True,sentinel-7b-demo,True,benign_inference,benign,train
2026-08-12T16:10:00+00:00,evt-benign_i-0194,user-02,job-02,ctr-02,GPU-DEMO-0003,tritonserver,52.263,60.072,189.447,0.134,model-registry.internal,True,False,False,True,sentinel-7b-demo,True,benign_inference,benign,train
2026-08-12T16:15:00+00:00,evt-benign_i-0195,user-03,job-03,ctr-03,GPU-DEMO-0001,tritonserver,42.421,67.345,195.736,0.263,model-registry.internal,True,False,False,True,sentinel-7b-demo,True,benign_inference,benign,train
2026-08-12T16:20:00+00:00,evt-benign_i-0196,user-04,job-04,ctr-04,GPU-DEMO-0002,tritonserver,49.873,58.426,152.061,0.149,model-registry.internal,True,False,False,True,sentinel-7b-demo,True,benign_inference,benign,train
2026-08-12T16:25:00+00:00,evt-benign_i-0197,user-05,job-05,ctr-05,GPU-DEMO-0003,tritonserver,67.893,50.073,164.908,0.356,model-registry.internal,True,False,False,True,sentinel-7b-demo,True,benign_inference,benign,test
2026-08-12T16:30:00+00:00,evt-benign_i-0198,user-06,job-06,ctr-06,GPU-DEMO-0001,tritonserver,22.157,52.814,174.666,0.211,model-registry.internal,True,False,False,True,sentinel-7b-demo,True,benign_inference,benign,train
2026-08-12T16:35:00+00:00,evt-benign_i-0199,user-07,job-07,ctr-07,GPU-DEMO-0002,tritonserver,31.975,56.21,176.863,0.466,model-registry.internal,True,False,False,True,sentinel-7b-demo,True,benign_inference,benign,train
2026-08-12T16:40:00+00:00,evt-benign_i-0200,user-00,job-08,ctr-08,GPU-DEMO-0003,tritonserver,34.165,42.737,197.204,0.115,model-registry.internal,True,False,False,True,sentinel-7b-demo,True,benign_inference,benign,train
2026-08-12T16:45:00+00:00,evt-benign_i-0201,user-01,job-09,ctr-09,GPU-DEMO-0001,tritonserver,8.779,48.796,180.919,0.117,model-registry.internal,True,False,False,True,sentinel-7b-demo,True,benign_inference,benign,train
2026-08-12T16:50:00+00:00,evt-benign_i-0202,user-02,job-10,ctr-10,GPU-DEMO-0002,tritonserver,23.814,46.457,157.373,0.182,model-registry.internal,True,False,False,True,sentinel-7b-demo,True,benign_inference,benign,train
2026-08-12T16:55:00+00:00,evt-benign_i-0203,user-03,job-11,ctr-11,GPU-DEMO-0003,model-checkpoint,62.508,62.852,192.955,96.959,backup.example.invalid,True,False,False,True,sentinel-7b-demo,True,benign_inference,benign,test
2026-08-12T17:00:00+00:00,evt-benign_i-0204,user-04,job-00,ctr-00,GPU-DEMO-0001,tritonserver,44.537,66.403,146.077,0.316,model-registry.internal,True,False,False,True,sentinel-7b-demo,True,benign_inference,benign,train
2026-08-12T17:05:00+00:00,evt-benign_i-0205,user-05,job-01,ctr-01,GPU-DEMO-0002,tritonserver,36.285,42.329,148.286,0.453,model-registry.internal,True,False,False,True,sentinel-7b-demo,True,benign_inference,benign,train
2026-08-12T17:10:00+00:00,evt-benign_i-0206,user-06,job-02,ctr-02,GPU-DEMO-0003,tritonserver,45.386,73.452,182.606,0.531,model-registry.internal,True,False,False,True,sentinel-7b-demo,True,benign_inference,benign,train
2026-08-12T17:15:00+00:00,evt-benign_i-0207,user-07,job-03,ctr-03,GPU-DEMO-0001,tritonserver,46.48,52.862,178.495,0.343,model-registry.internal,True,False,False,True,sentinel-7b-demo,True,benign_inference,benign,train
2026-08-12T17:20:00+00:00,evt-benign_i-0208,user-00,job-04,ctr-04,GPU-DEMO-0002,tritonserver,27.185,64.777,105.687,0.136,model-registry.internal,True,False,False,True,sentinel-7b-demo,True,benign_inference,benign,train
2026-08-12T17:25:00+00:00,evt-benign_i-0209,user-01,job-05,ctr-05,GPU-DEMO-0003,tritonserver,57.949,38.631,201.924,0.547,model-registry.internal,True,False,False,True,sentinel-7b-demo,True,benign_inference,benign,test
2026-08-12T17:30:00+00:00,evt-benign_i-0210,user-02,job-06,ctr-06,GPU-DEMO-0001,tritonserver,55.657,38.63,179.633,0.232,model-registry.internal,True,False,False,True,sentinel-7b-demo,True,benign_inference,benign,train
2026-08-12T17:35:00+00:00,evt-benign_i-0211,user-03,job-07,ctr-07,GPU-DEMO-0002,tritonserver,57.559,61.407,153.634,0.279,model-registry.internal,True,False,False,True,sentinel-7b-demo,True,benign_inference,benign,train
2026-08-12T17:40:00+00:00,evt-benign_i-0212,user-04,job-08,ctr-08,GPU-DEMO-0003,tritonserver,58.481,59.607,166.969,0.394,model-registry.internal,True,False,False,True,sentinel-7b-demo,True,benign_inference,benign,train
2026-08-12T17:45:00+00:00,evt-benign_i-0213,user-05,job-09,ctr-09,GPU-DEMO-0001,tritonserver,47.098,60.072,155.95,0.637,model-registry.internal,True,False,False,True,sentinel-7b-demo,True,benign_inference,benign,train
2026-08-12T17:50:00+00:00,evt-benign_i-0214,user-06,job-10,ctr-10,GPU-DEMO-0002,tritonserver,39.127,59.599,135.478,0.289,model-registry.internal,True,False,False,True,sentinel-7b-demo,True,benign_inference,benign,train
2026-08-12T17:55:00+00:00,evt-benign_i-0215,user-07,job-11,ctr-11,GPU-DEMO-0003,cuda-benchmark,95.037,52.122,321.905,0.321,model-registry.internal,True,False,False,True,sentinel-7b-demo,True,benign_inference,benign,test
2026-08-12T18:00:00+00:00,evt-benign_i-0216,user-00,job-00,ctr-00,GPU-DEMO-0001,tritonserver,36.72,57.484,189.285,0.826,model-registry.internal,True,False,False,True,sentinel-7b-demo,True,benign_inference,benign,train
2026-08-12T18:05:00+00:00,evt-benign_i-0217,user-01,job-01,ctr-01,GPU-DEMO-0002,tritonserver,43.774,61.5,164.408,0.072,model-registry.internal,True,False,False,True,sentinel-7b-demo,True,benign_inference,benign,train
2026-08-12T18:10:00+00:00,evt-benign_i-0218,user-02,job-02,ctr-02,GPU-DEMO-0003,tritonserver,55.234,55.885,190.278,0.298,model-registry.internal,True,False,False,True,sentinel-7b-demo,True,benign_inference,benign,train
2026-08-12T18:15:00+00:00,evt-benign_i-0219,user-03,job-03,ctr-03,GPU-DEMO-0001,tritonserver,38.203,53.103,198.108,0.3,model-registry.internal,True,False,False,True,sentinel-7b-demo,True,benign_inference,benign,train
2026-08-12T00:00:00+00:00,evt-cryptomi-0000,user-00,job-00,ctr-00,GPU-DEMO-0001,tritonserver,69.531,62.924,246.955,0.825,model-registry.internal,True,False,False,True,sentinel-7b-demo,True,cryptomining,benign,train
2026-08-12T00:05:00+00:00,evt-cryptomi-0001,user-01,job-01,ctr-01,GPU-DEMO-0002,python-train,66.458,77.382,228.148,0.211,model-registry.internal,True,False,False,True,sentinel-7b-demo,True,cryptomining,benign,train
2026-08-12T00:10:00+00:00,evt-cryptomi-0002,user-02,job-02,ctr-02,GPU-DEMO-0003,python-train,84.421,65.172,280.116,0.58,model-registry.internal,True,False,False,True,sentinel-7b-demo,True,cryptomining,benign,train
2026-08-12T00:15:00+00:00,evt-cryptomi-0003,user-03,job-03,ctr-03,GPU-DEMO-0001,tritonserver,64.428,74.314,245.647,0.118,model-registry.internal,True,False,False,True,sentinel-7b-demo,True,cryptomining,benign,train
2026-08-12T00:20:00+00:00,evt-cryptomi-0004,user-04,job-04,ctr-04,GPU-DEMO-0002,python-train,74.691,69.705,194.091,0.756,model-registry.internal,True,False,False,True,sentinel-7b-demo,True,cryptomining,benign,test
2026-08-12T00:25:00+00:00,evt-cryptomi-0005,user-05,job-05,ctr-05,GPU-DEMO-0003,python-train,57.667,61.585,240.038,0.376,model-registry.internal,True,False,False,True,sentinel-7b-demo,True,cryptomining,benign,train
2026-08-12T00:30:00+00:00,evt-cryptomi-0006,user-06,job-06,ctr-06,GPU-DEMO-0001,tritonserver,55.189,77.18,222.551,0.18,model-registry.internal,True,False,False,True,sentinel-7b-demo,True,cryptomining,benign,train
2026-08-12T00:35:00+00:00,evt-cryptomi-0007,user-07,job-07,ctr-07,GPU-DEMO-0002,python-train,69.683,71.061,241.333,1.109,model-registry.internal,True,False,False,True,sentinel-7b-demo,True,cryptomining,benign,train
2026-08-12T00:40:00+00:00,evt-cryptomi-0008,user-00,job-08,ctr-08,GPU-DEMO-0003,python-train,69.917,66.649,210.565,0.308,model-registry.internal,True,False,False,True,sentinel-7b-demo,True,cryptomining,benign,train
2026-08-12T00:45:00+00:00,evt-cryptomi-0009,user-01,job-09,ctr-09,GPU-DEMO-0001,tritonserver,64.886,64.291,180.5,0.284,model-registry.internal,True,False,False,True,sentinel-7b-demo,True,cryptomining,benign,train
2026-08-12T00:50:00+00:00,evt-cryptomi-0010,user-02,job-10,ctr-10,GPU-DEMO-0002,python-train,70.534,62.08,214.015,0.195,model-registry.internal,True,False,False,True,sentinel-7b-demo,True,cryptomining,benign,test
2026-08-12T00:55:00+00:00,evt-cryptomi-0011,user-03,job-11,ctr-11,GPU-DEMO-0003,python-train,68.005,78.281,210.484,0.262,model-registry.internal,True,False,False,True,sentinel-7b-demo,True,cryptomining,benign,train
2026-08-12T01:00:00+00:00,evt-cryptomi-0012,user-04,job-00,ctr-00,GPU-DEMO-0001,tritonserver,70.15,73.793,242.992,0.319,model-registry.internal,True,False,False,True,sentinel-7b-demo,True,cryptomining,benign,train
2026-08-12T01:05:00+00:00,evt-cryptomi-0013,user-05,job-01,ctr-01,GPU-DEMO-0002,python-train,52.969,75.422,188.914,0.291,model-registry.internal,True,False,False,True,sentinel-7b-demo,True,cryptomining,benign,train
2026-08-12T01:10:00+00:00,evt-cryptomi-0014,user-06,job-02,ctr-02,GPU-DEMO-0003,python-train,60.872,74.332,248.881,0.232,model-registry.internal,True,False,False,True,sentinel-7b-demo,True,cryptomining,benign,train
2026-08-12T01:15:00+00:00,evt-cryptomi-0015,user-07,job-03,ctr-03,GPU-DEMO-0001,tritonserver,56.959,72.594,233.642,0.406,model-registry.internal,True,False,False,True,sentinel-7b-demo,True,cryptomining,benign,train
2026-08-12T01:20:00+00:00,evt-cryptomi-0016,user-00,job-04,ctr-04,GPU-DEMO-0002,python-train,83.896,80.434,220.482,0.435,model-registry.internal,True,False,False,True,sentinel-7b-demo,True,cryptomining,benign,test
2026-08-12T01:25:00+00:00,evt-cryptomi-0017,user-01,job-05,ctr-05,GPU-DEMO-0003,python-train,67.92,64.624,234.966,0.307,model-registry.internal,True,False,False,True,sentinel-7b-demo,True,cryptomining,benign,train
2026-08-12T01:30:00+00:00,evt-cryptomi-0018,user-02,job-06,ctr-06,GPU-DEMO-0001,tritonserver,68.482,91.371,222.43,0.268,model-registry.internal,True,False,False,True,sentinel-7b-demo,True,cryptomining,benign,train
2026-08-12T01:35:00+00:00,evt-cryptomi-0019,user-03,job-07,ctr-07,GPU-DEMO-0002,python-train,68.55,71.892,236.998,0.211,model-registry.internal,True,False,False,True,sentinel-7b-demo,True,cryptomining,benign,train
2026-08-12T01:40:00+00:00,evt-cryptomi-0020,user-04,job-08,ctr-08,GPU-DEMO-0003,python-train,64.228,67.636,215.292,0.105,model-registry.internal,True,False,False,True,sentinel-7b-demo,True,cryptomining,benign,train
2026-08-12T01:45:00+00:00,evt-cryptomi-0021,user-05,job-09,ctr-09,GPU-DEMO-0001,tritonserver,73.055,82.18,259.84,0.136,model-registry.internal,True,False,False,True,sentinel-7b-demo,True,cryptomining,benign,train
2026-08-12T01:50:00+00:00,evt-cryptomi-0022,user-06,job-10,ctr-10,GPU-DEMO-0002,python-train,76.74,61.662,249.546,0.243,model-registry.internal,True,False,False,True,sentinel-7b-demo,True,cryptomining,benign,test
2026-08-12T01:55:00+00:00,evt-cryptomi-0023,user-07,job-11,ctr-11,GPU-DEMO-0003,python-train,68.174,87.801,242.085,0.266,model-registry.internal,True,False,False,True,sentinel-7b-demo,True,cryptomining,benign,train
2026-08-12T02:00:00+00:00,evt-cryptomi-0024,user-00,job-00,ctr-00,GPU-DEMO-0001,tritonserver,77.919,84.72,283.513,0.293,model-registry.internal,True,False,False,True,sentinel-7b-demo,True,cryptomining,benign,train
2026-08-12T02:05:00+00:00,evt-cryptomi-0025,user-01,job-01,ctr-01,GPU-DEMO-0002,python-train,63.793,93.953,246.157,0.299,model-registry.internal,True,False,False,True,sentinel-7b-demo,True,cryptomining,benign,train
2026-08-12T02:10:00+00:00,evt-cryptomi-0026,user-02,job-02,ctr-02,GPU-DEMO-0003,python-train,75.143,74.168,238.126,0.675,model-registry.internal,True,False,False,True,sentinel-7b-demo,True,cryptomining,benign,train
2026-08-12T02:15:00+00:00,evt-cryptomi-0027,user-03,job-03,ctr-03,GPU-DEMO-0001,tritonserver,64.852,74.229,220.03,0.264,model-registry.internal,True,False,False,True,sentinel-7b-demo,True,cryptomining,benign,train
2026-08-12T02:20:00+00:00,evt-cryptomi-0028,user-04,job-04,ctr-04,GPU-DEMO-0002,python-train,84.175,78.605,228.193,0.177,model-registry.internal,True,False,False,True,sentinel-7b-demo,True,cryptomining,benign,test
2026-08-12T02:25:00+00:00,evt-cryptomi-0029,user-05,job-05,ctr-05,GPU-DEMO-0003,python-train,69.833,66.276,263.774,0.234,model-registry.internal,True,False,False,True,sentinel-7b-demo,True,cryptomining,benign,train
2026-08-12T02:30:00+00:00,evt-cryptomi-0030,user-06,job-06,ctr-06,GPU-DEMO-0001,tritonserver,58.862,67.106,268.918,0.235,model-registry.internal,True,False,False,True,sentinel-7b-demo,True,cryptomining,benign,train
2026-08-12T02:35:00+00:00,evt-cryptomi-0031,user-07,job-07,ctr-07,GPU-DEMO-0002,python-train,80.325,59.701,221.973,0.258,model-registry.internal,True,False,False,True,sentinel-7b-demo,True,cryptomining,benign,train
2026-08-12T02:40:00+00:00,evt-cryptomi-0032,user-00,job-08,ctr-08,GPU-DEMO-0003,python-train,59.349,77.48,219.101,0.053,model-registry.internal,True,False,False,True,sentinel-7b-demo,True,cryptomining,benign,train
2026-08-12T02:45:00+00:00,evt-cryptomi-0033,user-01,job-09,ctr-09,GPU-DEMO-0001,tritonserver,57.277,76.158,254.701,0.966,model-registry.internal,True,False,False,True,sentinel-7b-demo,True,cryptomining,benign,train
2026-08-12T02:50:00+00:00,evt-cryptomi-0034,user-02,job-10,ctr-10,GPU-DEMO-0002,python-train,56.481,85.841,231.291,0.229,model-registry.internal,True,False,False,True,sentinel-7b-demo,True,cryptomining,benign,test
2026-08-12T02:55:00+00:00,evt-cryptomi-0035,user-03,job-11,ctr-11,GPU-DEMO-0003,python-train,54.534,82.25,230.247,0.485,model-registry.internal,True,False,False,True,sentinel-7b-demo,True,cryptomining,benign,train
2026-08-12T03:00:00+00:00,evt-cryptomi-0036,user-04,job-00,ctr-00,GPU-DEMO-0001,tritonserver,51.633,75.97,245.274,0.461,model-registry.internal,True,False,False,True,sentinel-7b-demo,True,cryptomining,benign,train
2026-08-12T03:05:00+00:00,evt-cryptomi-0037,user-05,job-01,ctr-01,GPU-DEMO-0002,python-train,74.906,71.514,220.206,0.138,model-registry.internal,True,False,False,True,sentinel-7b-demo,True,cryptomining,benign,train
2026-08-12T03:10:00+00:00,evt-cryptomi-0038,user-06,job-02,ctr-02,GPU-DEMO-0003,python-train,72.922,81.214,218.01,0.474,model-registry.internal,True,False,False,True,sentinel-7b-demo,True,cryptomining,benign,train
2026-08-12T03:15:00+00:00,evt-cryptomi-0039,user-07,job-03,ctr-03,GPU-DEMO-0001,tritonserver,72.034,78.252,249.241,0.805,model-registry.internal,True,False,False,True,sentinel-7b-demo,True,cryptomining,benign,train
2026-08-12T03:20:00+00:00,evt-cryptomi-0040,user-00,job-04,ctr-04,GPU-DEMO-0002,python-train,66.168,80.311,232.782,0.126,model-registry.internal,True,False,False,True,sentinel-7b-demo,True,cryptomining,benign,test
2026-08-12T03:25:00+00:00,evt-cryptomi-0041,user-01,job-05,ctr-05,GPU-DEMO-0003,python-train,57.736,78.725,225.021,0.156,model-registry.internal,True,False,False,True,sentinel-7b-demo,True,cryptomining,benign,train
2026-08-12T03:30:00+00:00,evt-cryptomi-0042,user-02,job-06,ctr-06,GPU-DEMO-0001,tritonserver,60.105,79.613,230.059,0.349,model-registry.internal,True,False,False,True,sentinel-7b-demo,True,cryptomining,benign,train
2026-08-12T03:35:00+00:00,evt-cryptomi-0043,user-03,job-07,ctr-07,GPU-DEMO-0002,python-train,74.838,77.044,244.261,0.378,model-registry.internal,True,False,False,True,sentinel-7b-demo,True,cryptomining,benign,train
2026-08-12T03:40:00+00:00,evt-cryptomi-0044,user-04,job-08,ctr-08,GPU-DEMO-0003,python-train,74.473,63.816,290.524,0.606,model-registry.internal,True,False,False,True,sentinel-7b-demo,True,cryptomining,benign,train
2026-08-12T03:45:00+00:00,evt-cryptomi-0045,user-05,job-09,ctr-09,GPU-DEMO-0001,tritonserver,80.238,70.592,233.131,0.123,model-registry.internal,True,False,False,True,sentinel-7b-demo,True,cryptomining,benign,train
2026-08-12T03:50:00+00:00,evt-cryptomi-0046,user-06,job-10,ctr-10,GPU-DEMO-0002,python-train,60.461,81.146,227.402,0.36,model-registry.internal,True,False,False,True,sentinel-7b-demo,True,cryptomining,benign,test
2026-08-12T03:55:00+00:00,evt-cryptomi-0047,user-07,job-11,ctr-11,GPU-DEMO-0003,python-train,64.027,83.036,252.311,0.155,model-registry.internal,True,False,False,True,sentinel-7b-demo,True,cryptomining,benign,train
2026-08-12T04:00:00+00:00,evt-cryptomi-0048,user-00,job-00,ctr-00,GPU-DEMO-0001,tritonserver,48.636,78.913,276.544,0.56,model-registry.internal,True,False,False,True,sentinel-7b-demo,True,cryptomining,benign,train
2026-08-12T04:05:00+00:00,evt-cryptomi-0049,user-01,job-01,ctr-01,GPU-DEMO-0002,python-train,59.386,66.485,161.343,0.17,model-registry.internal,True,False,False,True,sentinel-7b-demo,True,cryptomining,benign,train
2026-08-12T04:10:00+00:00,evt-cryptomi-0050,user-02,job-02,ctr-02,GPU-DEMO-0003,python-train,76.845,65.038,284.38,0.464,model-registry.internal,True,False,False,True,sentinel-7b-demo,True,cryptomining,benign,train
2026-08-12T04:15:00+00:00,evt-cryptomi-0051,user-03,job-03,ctr-03,GPU-DEMO-0001,tritonserver,67.87,74.613,227.957,0.242,model-registry.internal,True,False,False,True,sentinel-7b-demo,True,cryptomining,benign,train
2026-08-12T04:20:00+00:00,evt-cryptomi-0052,user-04,job-04,ctr-04,GPU-DEMO-0002,python-train,76.904,74.177,228.552,0.165,model-registry.internal,True,False,False,True,sentinel-7b-demo,True,cryptomining,benign,test
2026-08-12T04:25:00+00:00,evt-cryptomi-0053,user-05,job-05,ctr-05,GPU-DEMO-0003,python-train,47.699,70.259,245.433,0.198,model-registry.internal,True,False,False,True,sentinel-7b-demo,True,cryptomining,benign,train
2026-08-12T04:30:00+00:00,evt-cryptomi-0054,user-06,job-06,ctr-06,GPU-DEMO-0001,tritonserver,63.251,73.887,219.9,0.639,model-registry.internal,True,False,False,True,sentinel-7b-demo,True,cryptomining,benign,train
2026-08-12T04:35:00+00:00,evt-cryptomi-0055,user-07,job-07,ctr-07,GPU-DEMO-0002,python-train,87.97,70.259,225.153,0.723,model-registry.internal,True,False,False,True,sentinel-7b-demo,True,cryptomining,benign,train
2026-08-12T04:40:00+00:00,evt-cryptomi-0056,user-00,job-08,ctr-08,GPU-DEMO-0003,python-train,48.624,73.376,245.589,0.339,model-registry.internal,True,False,False,True,sentinel-7b-demo,True,cryptomining,benign,train
2026-08-12T04:45:00+00:00,evt-cryptomi-0057,user-01,job-09,ctr-09,GPU-DEMO-0001,tritonserver,63.574,81.195,264.984,0.247,model-registry.internal,True,False,False,True,sentinel-7b-demo,True,cryptomining,benign,train
2026-08-12T04:50:00+00:00,evt-cryptomi-0058,user-02,job-10,ctr-10,GPU-DEMO-0002,python-train,87.563,81.084,239.087,0.369,model-registry.internal,True,False,False,True,sentinel-7b-demo,True,cryptomining,benign,test
2026-08-12T04:55:00+00:00,evt-cryptomi-0059,user-03,job-11,ctr-11,GPU-DEMO-0003,python-train,77.082,70.744,264.486,0.34,model-registry.internal,True,False,False,True,sentinel-7b-demo,True,cryptomining,benign,train
2026-08-12T05:00:00+00:00,evt-cryptomi-0060,user-04,job-00,ctr-00,GPU-DEMO-0001,tritonserver,72.71,55.797,197.569,0.584,model-registry.internal,True,False,False,True,sentinel-7b-demo,True,cryptomining,benign,train
2026-08-12T05:05:00+00:00,evt-cryptomi-0061,user-05,job-01,ctr-01,GPU-DEMO-0002,python-train,69.264,79.04,209.319,0.445,model-registry.internal,True,False,False,True,sentinel-7b-demo,True,cryptomining,benign,train
2026-08-12T05:10:00+00:00,evt-cryptomi-0062,user-06,job-02,ctr-02,GPU-DEMO-0003,python-train,65.693,78.454,230.073,0.209,model-registry.internal,True,False,False,True,sentinel-7b-demo,True,cryptomining,benign,train
2026-08-12T05:15:00+00:00,evt-cryptomi-0063,user-07,job-03,ctr-03,GPU-DEMO-0001,tritonserver,74.497,59.41,232.962,0.263,model-registry.internal,True,False,False,True,sentinel-7b-demo,True,cryptomining,benign,train
2026-08-12T05:20:00+00:00,evt-cryptomi-0064,user-00,job-04,ctr-04,GPU-DEMO-0002,python-train,79.976,75.227,238.099,0.709,model-registry.internal,True,False,False,True,sentinel-7b-demo,True,cryptomining,benign,test
2026-08-12T05:25:00+00:00,evt-cryptomi-0065,user-01,job-05,ctr-05,GPU-DEMO-0003,python-train,74.403,92.748,212.901,0.342,model-registry.internal,True,False,False,True,sentinel-7b-demo,True,cryptomining,benign,train
2026-08-12T05:30:00+00:00,evt-cryptomi-0066,user-02,job-06,ctr-06,GPU-DEMO-0001,tritonserver,69.435,63.366,244.786,0.243,model-registry.internal,True,False,False,True,sentinel-7b-demo,True,cryptomining,benign,train
2026-08-12T05:35:00+00:00,evt-cryptomi-0067,user-03,job-07,ctr-07,GPU-DEMO-0002,python-train,69.093,79.63,267.438,0.257,model-registry.internal,True,False,False,True,sentinel-7b-demo,True,cryptomining,benign,train
2026-08-12T05:40:00+00:00,evt-cryptomi-0068,user-04,job-08,ctr-08,GPU-DEMO-0003,python-train,54.951,77.077,223.471,0.502,model-registry.internal,True,False,False,True,sentinel-7b-demo,True,cryptomining,benign,train
2026-08-12T05:45:00+00:00,evt-cryptomi-0069,user-05,job-09,ctr-09,GPU-DEMO-0001,tritonserver,60.342,71.159,238.382,0.209,model-registry.internal,True,False,False,True,sentinel-7b-demo,True,cryptomining,benign,train
2026-08-12T05:50:00+00:00,evt-cryptomi-0070,user-06,job-10,ctr-10,GPU-DEMO-0002,python-train,53.395,67.329,211.013,0.391,model-registry.internal,True,False,False,True,sentinel-7b-demo,True,cryptomining,benign,test
2026-08-12T05:55:00+00:00,evt-cryptomi-0071,user-07,job-11,ctr-11,GPU-DEMO-0003,python-train,57.272,69.077,235.672,0.083,model-registry.internal,True,False,False,True,sentinel-7b-demo,True,cryptomining,benign,train
2026-08-12T06:00:00+00:00,evt-cryptomi-0072,user-00,job-00,ctr-00,GPU-DEMO-0001,tritonserver,61.775,69.83,247.113,0.586,model-registry.internal,True,False,False,True,sentinel-7b-demo,True,cryptomining,benign,train
2026-08-12T06:05:00+00:00,evt-cryptomi-0073,user-01,job-01,ctr-01,GPU-DEMO-0002,python-train,63.773,76.962,226.481,0.425,model-registry.internal,True,False,False,True,sentinel-7b-demo,True,cryptomining,benign,train
2026-08-12T06:10:00+00:00,evt-cryptomi-0074,user-02,job-02,ctr-02,GPU-DEMO-0003,python-train,74.914,83.356,247.868,0.203,model-registry.internal,True,False,False,True,sentinel-7b-demo,True,cryptomining,benign,train
2026-08-12T06:15:00+00:00,evt-cryptomi-0075,user-03,job-03,ctr-03,GPU-DEMO-0001,tritonserver,78.411,83.869,235.188,0.515,model-registry.internal,True,False,False,True,sentinel-7b-demo,True,cryptomining,benign,train
2026-08-12T06:20:00+00:00,evt-cryptomi-0076,user-04,job-04,ctr-04,GPU-DEMO-0002,python-train,65.623,69.561,209.831,0.173,model-registry.internal,True,False,False,True,sentinel-7b-demo,True,cryptomining,benign,test
2026-08-12T06:25:00+00:00,evt-cryptomi-0077,user-05,job-05,ctr-05,GPU-DEMO-0003,python-train,74.532,72.13,227.572,0.305,model-registry.internal,True,False,False,True,sentinel-7b-demo,True,cryptomining,benign,train
2026-08-12T06:30:00+00:00,evt-cryptomi-0078,user-06,job-06,ctr-06,GPU-DEMO-0001,tritonserver,59.298,66.176,231.845,0.273,model-registry.internal,True,False,False,True,sentinel-7b-demo,True,cryptomining,benign,train
2026-08-12T06:35:00+00:00,evt-cryptomi-0079,user-07,job-07,ctr-07,GPU-DEMO-0002,python-train,62.277,67.077,285.35,0.139,model-registry.internal,True,False,False,True,sentinel-7b-demo,True,cryptomining,benign,train
2026-08-12T06:40:00+00:00,evt-cryptomi-0080,user-00,job-08,ctr-08,GPU-DEMO-0003,python-train,84.555,74.499,242.333,0.46,model-registry.internal,True,False,False,True,sentinel-7b-demo,True,cryptomining,benign,train
2026-08-12T06:45:00+00:00,evt-cryptomi-0081,user-01,job-09,ctr-09,GPU-DEMO-0001,tritonserver,59.866,87.867,228.378,0.359,model-registry.internal,True,False,False,True,sentinel-7b-demo,True,cryptomining,benign,train
2026-08-12T06:50:00+00:00,evt-cryptomi-0082,user-02,job-10,ctr-10,GPU-DEMO-0002,python-train,64.217,92.652,257.847,0.296,model-registry.internal,True,False,False,True,sentinel-7b-demo,True,cryptomining,benign,test
2026-08-12T06:55:00+00:00,evt-cryptomi-0083,user-03,job-11,ctr-11,GPU-DEMO-0003,python-train,57.648,65.342,218.006,0.596,model-registry.internal,True,False,False,True,sentinel-7b-demo,True,cryptomining,benign,train
2026-08-12T07:00:00+00:00,evt-cryptomi-0084,user-04,job-00,ctr-00,GPU-DEMO-0001,tritonserver,51.064,71.735,226.778,0.24,model-registry.internal,True,False,False,True,sentinel-7b-demo,True,cryptomining,benign,train
2026-08-12T07:05:00+00:00,evt-cryptomi-0085,user-05,job-01,ctr-01,GPU-DEMO-0002,python-train,65.481,68.714,256.852,0.201,model-registry.internal,True,False,False,True,sentinel-7b-demo,True,cryptomining,benign,train
2026-08-12T07:10:00+00:00,evt-cryptomi-0086,user-06,job-02,ctr-02,GPU-DEMO-0003,python-train,70.036,72.641,200.405,0.236,model-registry.internal,True,False,False,True,sentinel-7b-demo,True,cryptomining,benign,train
2026-08-12T07:15:00+00:00,evt-cryptomi-0087,user-07,job-03,ctr-03,GPU-DEMO-0001,tritonserver,75.003,71.937,249.351,0.304,model-registry.internal,True,False,False,True,sentinel-7b-demo,True,cryptomining,benign,train
2026-08-12T07:20:00+00:00,evt-cryptomi-0088,user-00,job-04,ctr-04,GPU-DEMO-0002,python-train,68.644,66.46,252.265,0.294,model-registry.internal,True,False,False,True,sentinel-7b-demo,True,cryptomining,benign,test
2026-08-12T07:25:00+00:00,evt-cryptomi-0089,user-01,job-05,ctr-05,GPU-DEMO-0003,python-train,82.62,58.714,240.802,0.213,model-registry.internal,True,False,False,True,sentinel-7b-demo,True,cryptomining,benign,train
2026-08-12T07:30:00+00:00,evt-cryptomi-0090,user-02,job-06,ctr-06,GPU-DEMO-0001,tritonserver,74.664,78.889,206.084,0.519,model-registry.internal,True,False,False,True,sentinel-7b-demo,True,cryptomining,benign,train
2026-08-12T07:35:00+00:00,evt-cryptomi-0091,user-03,job-07,ctr-07,GPU-DEMO-0002,python-train,79.28,74.072,228.221,0.159,model-registry.internal,True,False,False,True,sentinel-7b-demo,True,cryptomining,benign,train
2026-08-12T07:40:00+00:00,evt-cryptomi-0092,user-04,job-08,ctr-08,GPU-DEMO-0003,python-train,61.683,75.379,239.974,0.384,model-registry.internal,True,False,False,True,sentinel-7b-demo,True,cryptomining,benign,train
2026-08-12T07:45:00+00:00,evt-cryptomi-0093,user-05,job-09,ctr-09,GPU-DEMO-0001,tritonserver,57.83,71.719,267.469,0.221,model-registry.internal,True,False,False,True,sentinel-7b-demo,True,cryptomining,benign,train
2026-08-12T07:50:00+00:00,evt-cryptomi-0094,user-06,job-10,ctr-10,GPU-DEMO-0002,python-train,58.404,65.558,221.158,0.857,model-registry.internal,True,False,False,True,sentinel-7b-demo,True,cryptomining,benign,test
2026-08-12T07:55:00+00:00,evt-cryptomi-0095,user-07,job-11,ctr-11,GPU-DEMO-0003,python-train,71.141,78.298,251.997,0.229,model-registry.internal,True,False,False,True,sentinel-7b-demo,True,cryptomining,benign,train
2026-08-12T08:00:00+00:00,evt-cryptomi-0096,user-00,job-00,ctr-00,GPU-DEMO-0001,tritonserver,53.314,61.797,238.837,0.159,model-registry.internal,True,False,False,True,sentinel-7b-demo,True,cryptomining,benign,train
2026-08-12T08:05:00+00:00,evt-cryptomi-0097,user-01,job-01,ctr-01,GPU-DEMO-0002,python-train,59.363,64.92,244.302,0.063,model-registry.internal,True,False,False,True,sentinel-7b-demo,True,cryptomining,benign,train
2026-08-12T08:10:00+00:00,evt-cryptomi-0098,user-02,job-02,ctr-02,GPU-DEMO-0003,python-train,90.336,72.591,179.752,0.319,model-registry.internal,True,False,False,True,sentinel-7b-demo,True,cryptomining,benign,train
2026-08-12T08:15:00+00:00,evt-cryptomi-0099,user-03,job-03,ctr-03,GPU-DEMO-0001,tritonserver,79.428,72.553,221.734,0.215,model-registry.internal,True,False,False,True,sentinel-7b-demo,True,cryptomining,benign,train
2026-08-12T08:20:00+00:00,evt-cryptomi-0100,user-04,job-04,ctr-04,GPU-DEMO-0002,python-train,72.504,63.9,260.475,1.104,model-registry.internal,True,False,False,True,sentinel-7b-demo,True,cryptomining,benign,test
2026-08-12T08:25:00+00:00,evt-cryptomi-0101,user-05,job-05,ctr-05,GPU-DEMO-0003,python-train,48.277,69.083,228.97,0.399,model-registry.internal,True,False,False,True,sentinel-7b-demo,True,cryptomining,benign,train
2026-08-12T08:30:00+00:00,evt-cryptomi-0102,user-06,job-06,ctr-06,GPU-DEMO-0001,tritonserver,72.887,77.662,239.369,0.686,model-registry.internal,True,False,False,True,sentinel-7b-demo,True,cryptomining,benign,train
2026-08-12T08:35:00+00:00,evt-cryptomi-0103,user-07,job-07,ctr-07,GPU-DEMO-0002,python-train,61.678,83.052,212.956,0.755,model-registry.internal,True,False,False,True,sentinel-7b-demo,True,cryptomining,benign,train
2026-08-12T08:40:00+00:00,evt-cryptomi-0104,user-00,job-08,ctr-08,GPU-DEMO-0003,python-train,81.454,77.224,204.398,0.33,model-registry.internal,True,False,False,True,sentinel-7b-demo,True,cryptomining,benign,train
2026-08-12T08:45:00+00:00,evt-cryptomi-0105,user-01,job-09,ctr-09,GPU-DEMO-0001,tritonserver,75.506,87.656,216.502,0.266,model-registry.internal,True,False,False,True,sentinel-7b-demo,True,cryptomining,benign,train
2026-08-12T08:50:00+00:00,evt-cryptomi-0106,user-02,job-10,ctr-10,GPU-DEMO-0002,python-train,58.157,64.345,224.54,0.133,model-registry.internal,True,False,False,True,sentinel-7b-demo,True,cryptomining,benign,test
2026-08-12T08:55:00+00:00,evt-cryptomi-0107,user-03,job-11,ctr-11,GPU-DEMO-0003,python-train,62.468,65.24,219.436,0.311,model-registry.internal,True,False,False,True,sentinel-7b-demo,True,cryptomining,benign,train
2026-08-12T09:00:00+00:00,evt-cryptomi-0108,user-04,job-00,ctr-00,GPU-DEMO-0001,tritonserver,81.362,83.89,275.912,0.266,model-registry.internal,True,False,False,True,sentinel-7b-demo,True,cryptomining,benign,train
2026-08-12T09:05:00+00:00,evt-cryptomi-0109,user-05,job-01,ctr-01,GPU-DEMO-0002,python-train,77.035,69.297,212.119,0.385,model-registry.internal,True,False,False,True,sentinel-7b-demo,True,cryptomining,benign,train
2026-08-12T09:10:00+00:00,evt-cryptomi-0110,user-06,job-02,ctr-02,GPU-DEMO-0003,python-train,72.298,71.567,243.361,0.457,model-registry.internal,True,False,False,True,sentinel-7b-demo,True,cryptomining,benign,train
2026-08-12T09:15:00+00:00,evt-cryptomi-0111,user-07,job-03,ctr-03,GPU-DEMO-0001,tritonserver,73.604,75.544,233.411,0.191,model-registry.internal,True,False,False,True,sentinel-7b-demo,True,cryptomining,benign,train
2026-08-12T09:20:00+00:00,evt-cryptomi-0112,user-00,job-04,ctr-04,GPU-DEMO-0002,python-train,73.445,83.888,214.94,0.338,model-registry.internal,True,False,False,True,sentinel-7b-demo,True,cryptomining,benign,test
2026-08-12T09:25:00+00:00,evt-cryptomi-0113,user-01,job-05,ctr-05,GPU-DEMO-0003,python-train,72.428,81.909,195.148,0.187,model-registry.internal,True,False,False,True,sentinel-7b-demo,True,cryptomining,benign,train
2026-08-12T09:30:00+00:00,evt-cryptomi-0114,user-02,job-06,ctr-06,GPU-DEMO-0001,tritonserver,71.81,78.068,245.86,0.335,model-registry.internal,True,False,False,True,sentinel-7b-demo,True,cryptomining,benign,train
2026-08-12T09:35:00+00:00,evt-cryptomi-0115,user-03,job-07,ctr-07,GPU-DEMO-0002,python-train,68.053,66.382,241.643,0.278,model-registry.internal,True,False,False,True,sentinel-7b-demo,True,cryptomining,benign,train
2026-08-12T09:40:00+00:00,evt-cryptomi-0116,user-04,job-08,ctr-08,GPU-DEMO-0003,python-train,53.333,74.905,204.786,0.279,model-registry.internal,True,False,False,True,sentinel-7b-demo,True,cryptomining,benign,train
2026-08-12T09:45:00+00:00,evt-cryptomi-0117,user-05,job-09,ctr-09,GPU-DEMO-0001,tritonserver,72.572,77.067,203.573,0.308,model-registry.internal,True,False,False,True,sentinel-7b-demo,True,cryptomining,benign,train
2026-08-12T09:50:00+00:00,evt-cryptomi-0118,user-06,job-10,ctr-10,GPU-DEMO-0002,python-train,63.626,66.016,210.963,0.143,model-registry.internal,True,False,False,True,sentinel-7b-demo,True,cryptomining,benign,test
2026-08-12T09:55:00+00:00,evt-cryptomi-0119,user-07,job-11,ctr-11,GPU-DEMO-0003,python-train,50.412,85.349,255.324,0.843,model-registry.internal,True,False,False,True,sentinel-7b-demo,True,cryptomining,benign,train
2026-08-12T10:00:00+00:00,evt-cryptomi-0120,user-00,job-00,ctr-00,GPU-DEMO-0001,tritonserver,68.564,76.038,205.943,0.295,model-registry.internal,True,False,False,True,sentinel-7b-demo,True,cryptomining,benign,train
2026-08-12T10:05:00+00:00,evt-cryptomi-0121,user-01,job-01,ctr-01,GPU-DEMO-0002,python-train,73.909,73.27,230.803,0.119,model-registry.internal,True,False,False,True,sentinel-7b-demo,True,cryptomining,benign,train
2026-08-12T10:10:00+00:00,evt-cryptomi-0122,user-02,job-02,ctr-02,GPU-DEMO-0003,python-train,86.673,67.894,207.592,0.267,model-registry.internal,True,False,False,True,sentinel-7b-demo,True,cryptomining,benign,train
2026-08-12T10:15:00+00:00,evt-cryptomi-0123,user-03,job-03,ctr-03,GPU-DEMO-0001,tritonserver,70.146,66.028,255.299,0.28,model-registry.internal,True,False,False,True,sentinel-7b-demo,True,cryptomining,benign,train
2026-08-12T10:20:00+00:00,evt-cryptomi-0124,user-04,job-04,ctr-04,GPU-DEMO-0002,python-train,76.722,77.115,225.629,0.314,model-registry.internal,True,False,False,True,sentinel-7b-demo,True,cryptomining,benign,test
2026-08-12T10:25:00+00:00,evt-cryptomi-0125,user-05,job-05,ctr-05,GPU-DEMO-0003,python-train,63.679,78.619,230.952,0.265,model-registry.internal,True,False,False,True,sentinel-7b-demo,True,cryptomining,benign,train
2026-08-12T10:30:00+00:00,evt-cryptomi-0126,user-06,job-06,ctr-06,GPU-DEMO-0001,tritonserver,58.229,72.011,283.578,0.161,model-registry.internal,True,False,False,True,sentinel-7b-demo,True,cryptomining,benign,train
2026-08-12T10:35:00+00:00,evt-cryptomi-0127,user-07,job-07,ctr-07,GPU-DEMO-0002,python-train,72.928,73.912,239.345,0.87,model-registry.internal,True,False,False,True,sentinel-7b-demo,True,cryptomining,benign,train
2026-08-12T10:40:00+00:00,evt-cryptomi-0128,user-00,job-08,ctr-08,GPU-DEMO-0003,python-train,57.358,73.479,214.286,0.207,model-registry.internal,True,False,False,True,sentinel-7b-demo,True,cryptomining,benign,train
2026-08-12T10:45:00+00:00,evt-cryptomi-0129,user-01,job-09,ctr-09,GPU-DEMO-0001,tritonserver,64.787,74.263,231.672,0.426,model-registry.internal,True,False,False,True,sentinel-7b-demo,True,cryptomining,benign,train
2026-08-12T10:50:00+00:00,evt-cryptomi-0130,user-02,job-10,ctr-10,GPU-DEMO-0002,python-train,64.892,74.301,257.782,0.222,model-registry.internal,True,False,False,True,sentinel-7b-demo,True,cryptomining,benign,test
2026-08-12T10:55:00+00:00,evt-cryptomi-0131,user-03,job-11,ctr-11,GPU-DEMO-0003,python-train,51.841,71.721,239.185,0.451,model-registry.internal,True,False,False,True,sentinel-7b-demo,True,cryptomining,benign,train
2026-08-12T11:00:00+00:00,evt-cryptomi-0132,user-04,job-00,ctr-00,GPU-DEMO-0001,tritonserver,67.459,66.273,240.867,0.35,model-registry.internal,True,False,False,True,sentinel-7b-demo,True,cryptomining,benign,train
2026-08-12T11:05:00+00:00,evt-cryptomi-0133,user-05,job-01,ctr-01,GPU-DEMO-0002,python-train,70.876,77.909,264.722,0.733,model-registry.internal,True,False,False,True,sentinel-7b-demo,True,cryptomining,benign,train
2026-08-12T11:10:00+00:00,evt-cryptomi-0134,user-06,job-02,ctr-02,GPU-DEMO-0003,python-train,66.645,64.165,193.858,0.469,model-registry.internal,True,False,False,True,sentinel-7b-demo,True,cryptomining,benign,train
2026-08-12T11:15:00+00:00,evt-cryptomi-0135,user-07,job-03,ctr-03,GPU-DEMO-0001,tritonserver,83.357,64.279,222.659,0.629,model-registry.internal,True,False,False,True,sentinel-7b-demo,True,cryptomining,benign,train
2026-08-12T11:20:00+00:00,evt-cryptomi-0136,user-00,job-04,ctr-04,GPU-DEMO-0002,python-train,61.066,74.724,251.296,0.191,model-registry.internal,True,False,False,True,sentinel-7b-demo,True,cryptomining,benign,test
2026-08-12T11:25:00+00:00,evt-cryptomi-0137,user-01,job-05,ctr-05,GPU-DEMO-0003,python-train,73.834,63.606,254.481,0.218,model-registry.internal,True,False,False,True,sentinel-7b-demo,True,cryptomining,benign,train
2026-08-12T11:30:00+00:00,evt-cryptomi-0138,user-02,job-06,ctr-06,GPU-DEMO-0001,tritonserver,56.31,93.438,201.941,0.403,model-registry.internal,True,False,False,True,sentinel-7b-demo,True,cryptomining,benign,train
2026-08-12T11:35:00+00:00,evt-cryptomi-0139,user-03,job-07,ctr-07,GPU-DEMO-0002,python-train,60.163,86.504,278.997,0.379,model-registry.internal,True,False,False,True,sentinel-7b-demo,True,cryptomining,benign,train
2026-08-12T11:40:00+00:00,evt-cryptomi-0140,user-04,job-08,ctr-08,GPU-DEMO-0003,python-train,49.051,77.183,253.223,0.327,model-registry.internal,True,False,False,True,sentinel-7b-demo,True,cryptomining,benign,train
2026-08-12T11:45:00+00:00,evt-cryptomi-0141,user-05,job-09,ctr-09,GPU-DEMO-0001,tritonserver,44.913,70.006,229.532,0.535,model-registry.internal,True,False,False,True,sentinel-7b-demo,True,cryptomining,benign,train
2026-08-12T11:50:00+00:00,evt-cryptomi-0142,user-06,job-10,ctr-10,GPU-DEMO-0002,python-train,66.743,67.017,250.577,0.206,model-registry.internal,True,False,False,True,sentinel-7b-demo,True,cryptomining,benign,test
2026-08-12T11:55:00+00:00,evt-cryptomi-0143,user-07,job-11,ctr-11,GPU-DEMO-0003,python-train,54.023,59.345,246.394,0.428,model-registry.internal,True,False,False,True,sentinel-7b-demo,True,cryptomining,benign,train
2026-08-12T12:00:00+00:00,evt-cryptomi-0144,user-00,job-00,ctr-00,GPU-DEMO-0001,tritonserver,61.711,77.708,246.154,0.224,model-registry.internal,True,False,False,True,sentinel-7b-demo,True,cryptomining,benign,train
2026-08-12T12:05:00+00:00,evt-cryptomi-0145,user-01,job-01,ctr-01,GPU-DEMO-0002,python-train,86.023,75.951,259.586,0.187,model-registry.internal,True,False,False,True,sentinel-7b-demo,True,cryptomining,benign,train
2026-08-12T12:10:00+00:00,evt-cryptomi-0146,user-02,job-02,ctr-02,GPU-DEMO-0003,python-train,64.299,76.225,231.716,0.163,model-registry.internal,True,False,False,True,sentinel-7b-demo,True,cryptomining,benign,train
2026-08-12T12:15:00+00:00,evt-cryptomi-0147,user-03,job-03,ctr-03,GPU-DEMO-0001,tritonserver,64.244,78.387,260.398,0.956,model-registry.internal,True,False,False,True,sentinel-7b-demo,True,cryptomining,benign,train
2026-08-12T12:20:00+00:00,evt-cryptomi-0148,user-04,job-04,ctr-04,GPU-DEMO-0002,python-train,58.92,69.49,284.81,0.181,model-registry.internal,True,False,False,True,sentinel-7b-demo,True,cryptomining,benign,test
2026-08-12T12:25:00+00:00,evt-cryptomi-0149,user-05,job-05,ctr-05,GPU-DEMO-0003,python-train,56.641,77.661,229.97,0.418,model-registry.internal,True,False,False,True,sentinel-7b-demo,True,cryptomining,benign,train
2026-08-12T12:30:00+00:00,evt-cryptomi-0150,user-06,job-06,ctr-06,GPU-DEMO-0001,tritonserver,68.314,67.861,247.845,0.753,model-registry.internal,True,False,False,True,sentinel-7b-demo,True,cryptomining,benign,train
2026-08-12T12:35:00+00:00,evt-cryptomi-0151,user-07,job-07,ctr-07,GPU-DEMO-0002,python-train,62.027,77.866,277.892,0.252,model-registry.internal,True,False,False,True,sentinel-7b-demo,True,cryptomining,benign,train
2026-08-12T12:40:00+00:00,evt-cryptomi-0152,user-00,job-08,ctr-08,GPU-DEMO-0003,python-train,70.624,77.248,222.582,0.126,model-registry.internal,True,False,False,True,sentinel-7b-demo,True,cryptomining,benign,train
2026-08-12T12:45:00+00:00,evt-cryptomi-0153,user-01,job-09,ctr-09,GPU-DEMO-0001,tritonserver,57.275,68.936,210.182,0.217,model-registry.internal,True,False,False,True,sentinel-7b-demo,True,cryptomining,benign,train
2026-08-12T12:50:00+00:00,evt-cryptomi-0154,user-02,job-10,ctr-10,GPU-DEMO-0002,python-train,63.355,80.128,238.582,0.124,model-registry.internal,True,False,False,True,sentinel-7b-demo,True,cryptomining,benign,test
2026-08-12T12:55:00+00:00,evt-cryptomi-0155,user-03,job-11,ctr-11,GPU-DEMO-0003,python-train,68.362,79.226,248.333,0.198,model-registry.internal,True,False,False,True,sentinel-7b-demo,True,cryptomining,benign,train
2026-08-12T13:00:00+00:00,evt-cryptomi-0156,user-04,job-00,ctr-00,GPU-DEMO-0001,tritonserver,68.699,81.924,201.945,0.717,model-registry.internal,True,False,False,True,sentinel-7b-demo,True,cryptomining,benign,train
2026-08-12T13:05:00+00:00,evt-cryptomi-0157,user-05,job-01,ctr-01,GPU-DEMO-0002,python-train,72.91,69.919,245.737,0.236,model-registry.internal,True,False,False,True,sentinel-7b-demo,True,cryptomining,benign,train
2026-08-12T13:10:00+00:00,evt-cryptomi-0158,user-06,job-02,ctr-02,GPU-DEMO-0003,xmrig-cuda-demo,98.487,23.333,344.33,2.714,pool.example.invalid,False,False,False,False,none,True,cryptomining,cryptomining,train
2026-08-12T13:15:00+00:00,evt-cryptomi-0159,user-07,job-03,ctr-03,GPU-DEMO-0001,xmrig-cuda-demo,97.148,34.091,342.689,1.685,pool.example.invalid,False,False,False,False,none,True,cryptomining,cryptomining,train
2026-08-12T13:20:00+00:00,evt-cryptomi-0160,user-00,job-04,ctr-04,GPU-DEMO-0002,python-benchmark,76.961,70.037,247.061,2.232,telemetry.partner.internal,True,False,False,True,sentinel-7b-demo,True,cryptomining,cryptomining,test
2026-08-12T13:25:00+00:00,evt-cryptomi-0161,user-01,job-05,ctr-05,GPU-DEMO-0003,xmrig-cuda-demo,99.24,29.816,355.012,1.727,pool.example.invalid,False,False,False,False,none,True,cryptomining,cryptomining,train
2026-08-12T13:30:00+00:00,evt-cryptomi-0162,user-02,job-06,ctr-06,GPU-DEMO-0001,xmrig-cuda-demo,96.599,30.107,360.887,3.278,pool.example.invalid,False,False,False,False,none,True,cryptomining,cryptomining,train
2026-08-12T13:35:00+00:00,evt-cryptomi-0163,user-03,job-07,ctr-07,GPU-DEMO-0002,xmrig-cuda-demo,97.491,28.832,361.554,3.325,pool.example.invalid,False,False,False,False,none,True,cryptomining,cryptomining,train
2026-08-12T13:40:00+00:00,evt-cryptomi-0164,user-04,job-08,ctr-08,GPU-DEMO-0003,python-benchmark,60.902,75.859,207.755,2.933,telemetry.partner.internal,True,False,False,True,sentinel-7b-demo,True,cryptomining,cryptomining,train
2026-08-12T13:45:00+00:00,evt-cryptomi-0165,user-05,job-09,ctr-09,GPU-DEMO-0001,xmrig-cuda-demo,95.129,19.006,357.618,3.887,pool.example.invalid,False,False,False,False,none,True,cryptomining,cryptomining,train
2026-08-12T13:50:00+00:00,evt-cryptomi-0166,user-06,job-10,ctr-10,GPU-DEMO-0002,xmrig-cuda-demo,97.042,32.23,360.602,3.057,pool.example.invalid,False,False,False,False,none,True,cryptomining,cryptomining,test
2026-08-12T13:55:00+00:00,evt-cryptomi-0167,user-07,job-11,ctr-11,GPU-DEMO-0003,xmrig-cuda-demo,94.542,18.38,356.824,1.859,pool.example.invalid,False,False,False,False,none,True,cryptomining,cryptomining,train
2026-08-12T14:00:00+00:00,evt-cryptomi-0168,user-00,job-00,ctr-00,GPU-DEMO-0001,python-benchmark,76.273,72.338,230.72,3.897,telemetry.partner.internal,True,False,False,True,sentinel-7b-demo,True,cryptomining,cryptomining,test
2026-08-12T14:05:00+00:00,evt-cryptomi-0169,user-01,job-01,ctr-01,GPU-DEMO-0002,xmrig-cuda-demo,98.55,26.184,343.915,3.646,pool.example.invalid,False,False,False,False,none,True,cryptomining,cryptomining,train
2026-08-12T14:10:00+00:00,evt-cryptomi-0170,user-02,job-02,ctr-02,GPU-DEMO-0003,xmrig-cuda-demo,99.413,28.422,348.575,3.385,pool.example.invalid,False,False,False,False,none,True,cryptomining,cryptomining,train
2026-08-12T14:15:00+00:00,evt-cryptomi-0171,user-03,job-03,ctr-03,GPU-DEMO-0001,xmrig-cuda-demo,98.077,35.679,345.796,2.842,pool.example.invalid,False,False,False,False,none,True,cryptomining,cryptomining,train
2026-08-12T14:20:00+00:00,evt-cryptomi-0172,user-04,job-04,ctr-04,GPU-DEMO-0002,python-benchmark,56.374,64.841,231.433,2.245,telemetry.partner.internal,True,False,False,True,sentinel-7b-demo,True,cryptomining,cryptomining,test
2026-08-12T14:25:00+00:00,evt-cryptomi-0173,user-05,job-05,ctr-05,GPU-DEMO-0003,xmrig-cuda-demo,98.918,29.549,346.958,3.767,pool.example.invalid,False,False,False,False,none,True,cryptomining,cryptomining,train
2026-08-12T14:30:00+00:00,evt-cryptomi-0174,user-06,job-06,ctr-06,GPU-DEMO-0001,xmrig-cuda-demo,96.527,32.961,338.255,2.592,pool.example.invalid,False,False,False,False,none,True,cryptomining,cryptomining,train
2026-08-12T14:35:00+00:00,evt-cryptomi-0175,user-07,job-07,ctr-07,GPU-DEMO-0002,xmrig-cuda-demo,99.1,36.498,346.826,2.752,pool.example.invalid,False,False,False,False,none,True,cryptomining,cryptomining,train
2026-08-12T14:40:00+00:00,evt-cryptomi-0176,user-00,job-08,ctr-08,GPU-DEMO-0003,python-benchmark,58.693,75.716,254.194,1.534,telemetry.partner.internal,True,False,False,True,sentinel-7b-demo,True,cryptomining,cryptomining,test
2026-08-12T14:45:00+00:00,evt-cryptomi-0177,user-01,job-09,ctr-09,GPU-DEMO-0001,xmrig-cuda-demo,95.21,33.804,351.891,2.847,pool.example.invalid,False,False,False,False,none,True,cryptomining,cryptomining,train
2026-08-12T14:50:00+00:00,evt-cryptomi-0178,user-02,job-10,ctr-10,GPU-DEMO-0002,xmrig-cuda-demo,96.527,27.734,352.231,2.594,pool.example.invalid,False,False,False,False,none,True,cryptomining,cryptomining,test
2026-08-12T14:55:00+00:00,evt-cryptomi-0179,user-03,job-11,ctr-11,GPU-DEMO-0003,xmrig-cuda-demo,96.669,28.188,350.08,2.569,pool.example.invalid,False,False,False,False,none,True,cryptomining,cryptomining,train
2026-08-12T15:00:00+00:00,evt-cryptomi-0180,user-04,job-00,ctr-00,GPU-DEMO-0001,python-benchmark,68.615,60.492,253.122,2.188,telemetry.partner.internal,True,False,False,True,sentinel-7b-demo,True,cryptomining,cryptomining,train
2026-08-12T15:05:00+00:00,evt-cryptomi-0181,user-05,job-01,ctr-01,GPU-DEMO-0002,xmrig-cuda-demo,96.344,20.043,345.498,3.262,pool.example.invalid,False,False,False,False,none,True,cryptomining,cryptomining,train
2026-08-12T15:10:00+00:00,evt-cryptomi-0182,user-06,job-02,ctr-02,GPU-DEMO-0003,xmrig-cuda-demo,98.056,41.48,341.501,2.517,pool.example.invalid,False,False,False,False,none,True,cryptomining,cryptomining,train
2026-08-12T15:15:00+00:00,evt-cryptomi-0183,user-07,job-03,ctr-03,GPU-DEMO-0001,xmrig-cuda-demo,95.249,18.587,343.446,2.167,pool.example.invalid,False,False,False,False,none,True,cryptomining,cryptomining,train
2026-08-12T15:20:00+00:00,evt-cryptomi-0184,user-00,job-04,ctr-04,GPU-DEMO-0002,python-benchmark,61.361,68.021,239.844,2.826,telemetry.partner.internal,True,False,False,True,sentinel-7b-demo,True,cryptomining,cryptomining,test
2026-08-12T15:25:00+00:00,evt-cryptomi-0185,user-01,job-05,ctr-05,GPU-DEMO-0003,xmrig-cuda-demo,99.447,27.26,329.545,1.674,pool.example.invalid,False,False,False,False,none,True,cryptomining,cryptomining,train
2026-08-12T15:30:00+00:00,evt-cryptomi-0186,user-02,job-06,ctr-06,GPU-DEMO-0001,xmrig-cuda-demo,100.0,25.833,350.516,1.83,pool.example.invalid,False,False,False,False,none,True,cryptomining,cryptomining,train
2026-08-12T15:35:00+00:00,evt-cryptomi-0187,user-03,job-07,ctr-07,GPU-DEMO-0002,xmrig-cuda-demo,97.945,30.901,341.035,3.396,pool.example.invalid,False,False,False,False,none,True,cryptomining,cryptomining,train
2026-08-12T15:40:00+00:00,evt-cryptomi-0188,user-04,job-08,ctr-08,GPU-DEMO-0003,python-benchmark,68.244,69.002,227.383,1.578,telemetry.partner.internal,True,False,False,True,sentinel-7b-demo,True,cryptomining,cryptomining,train
2026-08-12T15:45:00+00:00,evt-cryptomi-0189,user-05,job-09,ctr-09,GPU-DEMO-0001,xmrig-cuda-demo,100.0,27.026,336.98,1.528,pool.example.invalid,False,False,False,False,none,True,cryptomining,cryptomining,train
2026-08-12T15:50:00+00:00,evt-cryptomi-0190,user-06,job-10,ctr-10,GPU-DEMO-0002,xmrig-cuda-demo,97.331,30.732,347.653,3.398,pool.example.invalid,False,False,False,False,none,True,cryptomining,cryptomining,test
2026-08-12T15:55:00+00:00,evt-cryptomi-0191,user-07,job-11,ctr-11,GPU-DEMO-0003,xmrig-cuda-demo,95.61,30.775,351.535,3.989,pool.example.invalid,False,False,False,False,none,True,cryptomining,cryptomining,train
2026-08-12T16:00:00+00:00,evt-cryptomi-0192,user-00,job-00,ctr-00,GPU-DEMO-0001,python-benchmark,85.626,68.699,250.034,1.722,telemetry.partner.internal,True,False,False,True,sentinel-7b-demo,True,cryptomining,cryptomining,test
2026-08-12T16:05:00+00:00,evt-cryptomi-0193,user-01,job-01,ctr-01,GPU-DEMO-0002,xmrig-cuda-demo,100.0,32.718,368.296,1.678,pool.example.invalid,False,False,False,False,none,True,cryptomining,cryptomining,train
2026-08-12T16:10:00+00:00,evt-cryptomi-0194,user-02,job-02,ctr-02,GPU-DEMO-0003,xmrig-cuda-demo,98.312,21.752,330.063,3.341,pool.example.invalid,False,False,False,False,none,True,cryptomining,cryptomining,train
2026-08-12T16:15:00+00:00,evt-cryptomi-0195,user-03,job-03,ctr-03,GPU-DEMO-0001,xmrig-cuda-demo,96.834,21.558,353.281,3.138,pool.example.invalid,False,False,False,False,none,True,cryptomining,cryptomining,train
2026-08-12T16:20:00+00:00,evt-cryptomi-0196,user-04,job-04,ctr-04,GPU-DEMO-0002,python-benchmark,64.782,69.999,238.551,2.396,telemetry.partner.internal,True,False,False,True,sentinel-7b-demo,True,cryptomining,cryptomining,test
2026-08-12T16:25:00+00:00,evt-cryptomi-0197,user-05,job-05,ctr-05,GPU-DEMO-0003,xmrig-cuda-demo,94.755,35.744,359.735,1.972,pool.example.invalid,False,False,False,False,none,True,cryptomining,cryptomining,train
2026-08-12T16:30:00+00:00,evt-cryptomi-0198,user-06,job-06,ctr-06,GPU-DEMO-0001,xmrig-cuda-demo,93.478,37.481,348.937,3.394,pool.example.invalid,False,False,False,False,none,True,cryptomining,cryptomining,train
2026-08-12T16:35:00+00:00,evt-cryptomi-0199,user-07,job-07,ctr-07,GPU-DEMO-0002,xmrig-cuda-demo,95.028,27.083,360.787,3.339,pool.example.invalid,False,False,False,False,none,True,cryptomining,cryptomining,train
2026-08-12T16:40:00+00:00,evt-cryptomi-0200,user-00,job-08,ctr-08,GPU-DEMO-0003,python-benchmark,73.061,81.314,237.788,1.703,telemetry.partner.internal,True,False,False,True,sentinel-7b-demo,True,cryptomining,cryptomining,test
2026-08-12T16:45:00+00:00,evt-cryptomi-0201,user-01,job-09,ctr-09,GPU-DEMO-0001,xmrig-cuda-demo,94.57,21.049,359.912,1.858,pool.example.invalid,False,False,False,False,none,True,cryptomining,cryptomining,train
2026-08-12T16:50:00+00:00,evt-cryptomi-0202,user-02,job-10,ctr-10,GPU-DEMO-0002,xmrig-cuda-demo,97.795,26.866,356.404,2.761,pool.example.invalid,False,False,False,False,none,True,cryptomining,cryptomining,test
2026-08-12T16:55:00+00:00,evt-cryptomi-0203,user-03,job-11,ctr-11,GPU-DEMO-0003,xmrig-cuda-demo,96.475,33.66,351.586,1.526,pool.example.invalid,False,False,False,False,none,True,cryptomining,cryptomining,train
2026-08-12T17:00:00+00:00,evt-cryptomi-0204,user-04,job-00,ctr-00,GPU-DEMO-0001,python-benchmark,63.09,64.226,209.301,1.85,telemetry.partner.internal,True,False,False,True,sentinel-7b-demo,True,cryptomining,cryptomining,train
2026-08-12T17:05:00+00:00,evt-cryptomi-0205,user-05,job-01,ctr-01,GPU-DEMO-0002,xmrig-cuda-demo,98.02,19.609,345.956,2.137,pool.example.invalid,False,False,False,False,none,True,cryptomining,cryptomining,train
2026-08-12T17:10:00+00:00,evt-cryptomi-0206,user-06,job-02,ctr-02,GPU-DEMO-0003,xmrig-cuda-demo,100.0,25.792,329.646,1.694,pool.example.invalid,False,False,False,False,none,True,cryptomining,cryptomining,train
2026-08-12T17:15:00+00:00,evt-cryptomi-0207,user-07,job-03,ctr-03,GPU-DEMO-0001,xmrig-cuda-demo,97.973,25.038,357.965,3.32,pool.example.invalid,False,False,False,False,none,True,cryptomining,cryptomining,train
2026-08-12T17:20:00+00:00,evt-cryptomi-0208,user-00,job-04,ctr-04,GPU-DEMO-0002,python-benchmark,63.693,78.017,232.598,1.51,telemetry.partner.internal,True,False,False,True,sentinel-7b-demo,True,cryptomining,cryptomining,test
2026-08-12T17:25:00+00:00,evt-cryptomi-0209,user-01,job-05,ctr-05,GPU-DEMO-0003,xmrig-cuda-demo,95.411,37.971,351.335,1.769,pool.example.invalid,False,False,False,False,none,True,cryptomining,cryptomining,train
2026-08-12T17:30:00+00:00,evt-cryptomi-0210,user-02,job-06,ctr-06,GPU-DEMO-0001,xmrig-cuda-demo,96.495,24.641,352.115,1.833,pool.example.invalid,False,False,False,False,none,True,cryptomining,cryptomining,train
2026-08-12T17:35:00+00:00,evt-cryptomi-0211,user-03,job-07,ctr-07,GPU-DEMO-0002,xmrig-cuda-demo,95.654,26.1,344.23,1.729,pool.example.invalid,False,False,False,False,none,True,cryptomining,cryptomining,train
2026-08-12T17:40:00+00:00,evt-cryptomi-0212,user-04,job-08,ctr-08,GPU-DEMO-0003,python-benchmark,64.337,63.363,270.126,4.0,telemetry.partner.internal,True,False,False,True,sentinel-7b-demo,True,cryptomining,cryptomining,train
2026-08-12T17:45:00+00:00,evt-cryptomi-0213,user-05,job-09,ctr-09,GPU-DEMO-0001,xmrig-cuda-demo,94.028,22.6,353.014,2.976,pool.example.invalid,False,False,False,False,none,True,cryptomining,cryptomining,train
2026-08-12T17:50:00+00:00,evt-cryptomi-0214,user-06,job-10,ctr-10,GPU-DEMO-0002,xmrig-cuda-demo,94.01,27.746,359.736,3.836,pool.example.invalid,False,False,False,False,none,True,cryptomining,cryptomining,test
2026-08-12T17:55:00+00:00,evt-cryptomi-0215,user-07,job-11,ctr-11,GPU-DEMO-0003,xmrig-cuda-demo,98.324,24.196,351.718,2.848,pool.example.invalid,False,False,False,False,none,True,cryptomining,cryptomining,train
2026-08-12T18:00:00+00:00,evt-cryptomi-0216,user-00,job-00,ctr-00,GPU-DEMO-0001,python-benchmark,70.255,83.887,214.508,3.353,telemetry.partner.internal,True,False,False,True,sentinel-7b-demo,True,cryptomining,cryptomining,test
2026-08-12T18:05:00+00:00,evt-cryptomi-0217,user-01,job-01,ctr-01,GPU-DEMO-0002,xmrig-cuda-demo,97.013,29.995,355.441,2.853,pool.example.invalid,False,False,False,False,none,True,cryptomining,cryptomining,train
2026-08-12T18:10:00+00:00,evt-cryptomi-0218,user-02,job-02,ctr-02,GPU-DEMO-0003,xmrig-cuda-demo,95.517,24.372,342.021,1.982,pool.example.invalid,False,False,False,False,none,True,cryptomining,cryptomining,train
2026-08-12T18:15:00+00:00,evt-cryptomi-0219,user-03,job-03,ctr-03,GPU-DEMO-0001,xmrig-cuda-demo,97.057,30.692,344.789,1.906,pool.example.invalid,False,False,False,False,none,True,cryptomining,cryptomining,train
2026-08-12T00:00:00+00:00,evt-model_ex-0000,user-00,job-00,ctr-00,GPU-DEMO-0001,tritonserver,71.741,58.097,244.526,0.137,model-registry.internal,True,False,False,True,sentinel-7b-demo,True,model_exfiltration,benign,train
2026-08-12T00:05:00+00:00,evt-model_ex-0001,user-01,job-01,ctr-01,GPU-DEMO-0002,python-train,88.838,59.565,267.569,0.445,model-registry.internal,True,False,False,True,sentinel-7b-demo,True,model_exfiltration,benign,train
2026-08-12T00:10:00+00:00,evt-model_ex-0002,user-02,job-02,ctr-02,GPU-DEMO-0003,python-train,72.985,77.038,243.708,0.177,model-registry.internal,True,False,False,True,sentinel-7b-demo,True,model_exfiltration,benign,train
2026-08-12T00:15:00+00:00,evt-model_ex-0003,user-03,job-03,ctr-03,GPU-DEMO-0001,tritonserver,59.131,81.154,214.111,0.447,model-registry.internal,True,False,False,True,sentinel-7b-demo,True,model_exfiltration,benign,test
2026-08-12T00:20:00+00:00,evt-model_ex-0004,user-04,job-04,ctr-04,GPU-DEMO-0002,python-train,60.017,81.781,220.729,0.188,model-registry.internal,True,False,False,True,sentinel-7b-demo,True,model_exfiltration,benign,train
2026-08-12T00:25:00+00:00,evt-model_ex-0005,user-05,job-05,ctr-05,GPU-DEMO-0003,python-train,82.048,73.932,191.744,0.437,model-registry.internal,True,False,False,True,sentinel-7b-demo,True,model_exfiltration,benign,train
2026-08-12T00:30:00+00:00,evt-model_ex-0006,user-06,job-06,ctr-06,GPU-DEMO-0001,tritonserver,77.969,57.575,233.988,0.193,model-registry.internal,True,False,False,True,sentinel-7b-demo,True,model_exfiltration,benign,train
2026-08-12T00:35:00+00:00,evt-model_ex-0007,user-07,job-07,ctr-07,GPU-DEMO-0002,python-train,52.826,63.144,210.278,0.272,model-registry.internal,True,False,False,True,sentinel-7b-demo,True,model_exfiltration,benign,train
2026-08-12T00:40:00+00:00,evt-model_ex-0008,user-00,job-08,ctr-08,GPU-DEMO-0003,python-train,64.7,73.835,280.975,0.346,model-registry.internal,True,False,False,True,sentinel-7b-demo,True,model_exfiltration,benign,train
2026-08-12T00:45:00+00:00,evt-model_ex-0009,user-01,job-09,ctr-09,GPU-DEMO-0001,tritonserver,52.286,63.11,206.589,0.096,model-registry.internal,True,False,False,True,sentinel-7b-demo,True,model_exfiltration,benign,test
2026-08-12T00:50:00+00:00,evt-model_ex-0010,user-02,job-10,ctr-10,GPU-DEMO-0002,python-train,79.337,70.841,270.148,0.849,model-registry.internal,True,False,False,True,sentinel-7b-demo,True,model_exfiltration,benign,train
2026-08-12T00:55:00+00:00,evt-model_ex-0011,user-03,job-11,ctr-11,GPU-DEMO-0003,python-train,76.183,57.043,262.855,0.561,model-registry.internal,True,False,False,True,sentinel-7b-demo,True,model_exfiltration,benign,train
2026-08-12T01:00:00+00:00,evt-model_ex-0012,user-04,job-00,ctr-00,GPU-DEMO-0001,tritonserver,81.184,64.867,241.751,0.371,model-registry.internal,True,False,False,True,sentinel-7b-demo,True,model_exfiltration,benign,train
2026-08-12T01:05:00+00:00,evt-model_ex-0013,user-05,job-01,ctr-01,GPU-DEMO-0002,python-train,60.461,85.406,184.222,0.147,model-registry.internal,True,False,False,True,sentinel-7b-demo,True,model_exfiltration,benign,train
2026-08-12T01:10:00+00:00,evt-model_ex-0014,user-06,job-02,ctr-02,GPU-DEMO-0003,python-train,66.816,62.154,211.248,0.307,model-registry.internal,True,False,False,True,sentinel-7b-demo,True,model_exfiltration,benign,train
2026-08-12T01:15:00+00:00,evt-model_ex-0015,user-07,job-03,ctr-03,GPU-DEMO-0001,tritonserver,65.199,72.641,219.374,0.283,model-registry.internal,True,False,False,True,sentinel-7b-demo,True,model_exfiltration,benign,test
2026-08-12T01:20:00+00:00,evt-model_ex-0016,user-00,job-04,ctr-04,GPU-DEMO-0002,python-train,74.083,78.58,225.842,0.576,model-registry.internal,True,False,False,True,sentinel-7b-demo,True,model_exfiltration,benign,train
2026-08-12T01:25:00+00:00,evt-model_ex-0017,user-01,job-05,ctr-05,GPU-DEMO-0003,python-train,63.943,67.833,216.725,0.417,model-registry.internal,True,False,False,True,sentinel-7b-demo,True,model_exfiltration,benign,train
2026-08-12T01:30:00+00:00,evt-model_ex-0018,user-02,job-06,ctr-06,GPU-DEMO-0001,tritonserver,86.364,70.221,201.339,1.036,model-registry.internal,True,False,False,True,sentinel-7b-demo,True,model_exfiltration,benign,train
2026-08-12T01:35:00+00:00,evt-model_ex-0019,user-03,job-07,ctr-07,GPU-DEMO-0002,python-train,57.76,61.265,234.501,0.688,model-registry.internal,True,False,False,True,sentinel-7b-demo,True,model_exfiltration,benign,train
2026-08-12T01:40:00+00:00,evt-model_ex-0020,user-04,job-08,ctr-08,GPU-DEMO-0003,python-train,81.237,84.503,191.92,0.144,model-registry.internal,True,False,False,True,sentinel-7b-demo,True,model_exfiltration,benign,train
2026-08-12T01:45:00+00:00,evt-model_ex-0021,user-05,job-09,ctr-09,GPU-DEMO-0001,tritonserver,41.782,68.323,241.731,0.246,model-registry.internal,True,False,False,True,sentinel-7b-demo,True,model_exfiltration,benign,test
2026-08-12T01:50:00+00:00,evt-model_ex-0022,user-06,job-10,ctr-10,GPU-DEMO-0002,python-train,61.861,80.548,229.269,0.195,model-registry.internal,True,False,False,True,sentinel-7b-demo,True,model_exfiltration,benign,train
2026-08-12T01:55:00+00:00,evt-model_ex-0023,user-07,job-11,ctr-11,GPU-DEMO-0003,python-train,77.523,74.801,200.943,0.473,model-registry.internal,True,False,False,True,sentinel-7b-demo,True,model_exfiltration,benign,train
2026-08-12T02:00:00+00:00,evt-model_ex-0024,user-00,job-00,ctr-00,GPU-DEMO-0001,tritonserver,68.614,65.228,253.869,1.105,model-registry.internal,True,False,False,True,sentinel-7b-demo,True,model_exfiltration,benign,train
2026-08-12T02:05:00+00:00,evt-model_ex-0025,user-01,job-01,ctr-01,GPU-DEMO-0002,python-train,78.512,71.383,285.74,0.656,model-registry.internal,True,False,False,True,sentinel-7b-demo,True,model_exfiltration,benign,train
2026-08-12T02:10:00+00:00,evt-model_ex-0026,user-02,job-02,ctr-02,GPU-DEMO-0003,python-train,64.274,67.644,260.383,0.721,model-registry.internal,True,False,False,True,sentinel-7b-demo,True,model_exfiltration,benign,train
2026-08-12T02:15:00+00:00,evt-model_ex-0027,user-03,job-03,ctr-03,GPU-DEMO-0001,tritonserver,67.601,56.715,249.242,0.327,model-registry.internal,True,False,False,True,sentinel-7b-demo,True,model_exfiltration,benign,test
2026-08-12T02:20:00+00:00,evt-model_ex-0028,user-04,job-04,ctr-04,GPU-DEMO-0002,python-train,56.46,67.478,232.5,0.407,model-registry.internal,True,False,False,True,sentinel-7b-demo,True,model_exfiltration,benign,train
2026-08-12T02:25:00+00:00,evt-model_ex-0029,user-05,job-05,ctr-05,GPU-DEMO-0003,python-train,79.333,67.416,214.071,0.315,model-registry.internal,True,False,False,True,sentinel-7b-demo,True,model_exfiltration,benign,train
2026-08-12T02:30:00+00:00,evt-model_ex-0030,user-06,job-06,ctr-06,GPU-DEMO-0001,tritonserver,67.595,72.917,226.338,0.261,model-registry.internal,True,False,False,True,sentinel-7b-demo,True,model_exfiltration,benign,train
2026-08-12T02:35:00+00:00,evt-model_ex-0031,user-07,job-07,ctr-07,GPU-DEMO-0002,python-train,66.951,71.331,222.867,0.359,model-registry.internal,True,False,False,True,sentinel-7b-demo,True,model_exfiltration,benign,train
2026-08-12T02:40:00+00:00,evt-model_ex-0032,user-00,job-08,ctr-08,GPU-DEMO-0003,python-train,58.36,79.711,274.521,0.137,model-registry.internal,True,False,False,True,sentinel-7b-demo,True,model_exfiltration,benign,train
2026-08-12T02:45:00+00:00,evt-model_ex-0033,user-01,job-09,ctr-09,GPU-DEMO-0001,tritonserver,86.269,68.634,218.282,0.415,model-registry.internal,True,False,False,True,sentinel-7b-demo,True,model_exfiltration,benign,test
2026-08-12T02:50:00+00:00,evt-model_ex-0034,user-02,job-10,ctr-10,GPU-DEMO-0002,python-train,72.822,65.745,232.758,0.299,model-registry.internal,True,False,False,True,sentinel-7b-demo,True,model_exfiltration,benign,train
2026-08-12T02:55:00+00:00,evt-model_ex-0035,user-03,job-11,ctr-11,GPU-DEMO-0003,python-train,81.067,66.916,235.581,0.299,model-registry.internal,True,False,False,True,sentinel-7b-demo,True,model_exfiltration,benign,train
2026-08-12T03:00:00+00:00,evt-model_ex-0036,user-04,job-00,ctr-00,GPU-DEMO-0001,tritonserver,53.977,72.498,242.419,0.814,model-registry.internal,True,False,False,True,sentinel-7b-demo,True,model_exfiltration,benign,train
2026-08-12T03:05:00+00:00,evt-model_ex-0037,user-05,job-01,ctr-01,GPU-DEMO-0002,python-train,76.711,67.901,229.236,0.531,model-registry.internal,True,False,False,True,sentinel-7b-demo,True,model_exfiltration,benign,train
2026-08-12T03:10:00+00:00,evt-model_ex-0038,user-06,job-02,ctr-02,GPU-DEMO-0003,python-train,68.806,60.369,238.639,0.597,model-registry.internal,True,False,False,True,sentinel-7b-demo,True,model_exfiltration,benign,train
2026-08-12T03:15:00+00:00,evt-model_ex-0039,user-07,job-03,ctr-03,GPU-DEMO-0001,tritonserver,57.546,71.619,224.308,0.514,model-registry.internal,True,False,False,True,sentinel-7b-demo,True,model_exfiltration,benign,test
2026-08-12T03:20:00+00:00,evt-model_ex-0040,user-00,job-04,ctr-04,GPU-DEMO-0002,python-train,43.342,72.042,212.766,0.318,model-registry.internal,True,False,False,True,sentinel-7b-demo,True,model_exfiltration,benign,train
2026-08-12T03:25:00+00:00,evt-model_ex-0041,user-01,job-05,ctr-05,GPU-DEMO-0003,python-train,61.433,62.826,223.634,0.21,model-registry.internal,True,False,False,True,sentinel-7b-demo,True,model_exfiltration,benign,train
2026-08-12T03:30:00+00:00,evt-model_ex-0042,user-02,job-06,ctr-06,GPU-DEMO-0001,tritonserver,61.881,66.382,226.407,0.192,model-registry.internal,True,False,False,True,sentinel-7b-demo,True,model_exfiltration,benign,train
2026-08-12T03:35:00+00:00,evt-model_ex-0043,user-03,job-07,ctr-07,GPU-DEMO-0002,python-train,62.685,84.923,218.605,0.404,model-registry.internal,True,False,False,True,sentinel-7b-demo,True,model_exfiltration,benign,train
2026-08-12T03:40:00+00:00,evt-model_ex-0044,user-04,job-08,ctr-08,GPU-DEMO-0003,python-train,58.229,69.478,188.747,0.258,model-registry.internal,True,False,False,True,sentinel-7b-demo,True,model_exfiltration,benign,train
2026-08-12T03:45:00+00:00,evt-model_ex-0045,user-05,job-09,ctr-09,GPU-DEMO-0001,tritonserver,82.373,57.318,196.005,0.295,model-registry.internal,True,False,False,True,sentinel-7b-demo,True,model_exfiltration,benign,test
2026-08-12T03:50:00+00:00,evt-model_ex-0046,user-06,job-10,ctr-10,GPU-DEMO-0002,python-train,88.023,66.669,245.342,0.146,model-registry.internal,True,False,False,True,sentinel-7b-demo,True,model_exfiltration,benign,train
2026-08-12T03:55:00+00:00,evt-model_ex-0047,user-07,job-11,ctr-11,GPU-DEMO-0003,python-train,69.324,70.28,253.81,0.25,model-registry.internal,True,False,False,True,sentinel-7b-demo,True,model_exfiltration,benign,train
2026-08-12T04:00:00+00:00,evt-model_ex-0048,user-00,job-00,ctr-00,GPU-DEMO-0001,tritonserver,31.739,65.105,198.238,0.665,model-registry.internal,True,False,False,True,sentinel-7b-demo,True,model_exfiltration,benign,train
2026-08-12T04:05:00+00:00,evt-model_ex-0049,user-01,job-01,ctr-01,GPU-DEMO-0002,python-train,55.378,71.61,238.154,0.654,model-registry.internal,True,False,False,True,sentinel-7b-demo,True,model_exfiltration,benign,train
2026-08-12T04:10:00+00:00,evt-model_ex-0050,user-02,job-02,ctr-02,GPU-DEMO-0003,python-train,65.869,58.818,217.944,0.157,model-registry.internal,True,False,False,True,sentinel-7b-demo,True,model_exfiltration,benign,train
2026-08-12T04:15:00+00:00,evt-model_ex-0051,user-03,job-03,ctr-03,GPU-DEMO-0001,tritonserver,67.302,70.663,213.958,0.135,model-registry.internal,True,False,False,True,sentinel-7b-demo,True,model_exfiltration,benign,test
2026-08-12T04:20:00+00:00,evt-model_ex-0052,user-04,job-04,ctr-04,GPU-DEMO-0002,python-train,73.228,57.562,247.595,0.195,model-registry.internal,True,False,False,True,sentinel-7b-demo,True,model_exfiltration,benign,train
2026-08-12T04:25:00+00:00,evt-model_ex-0053,user-05,job-05,ctr-05,GPU-DEMO-0003,python-train,67.638,71.216,233.149,0.555,model-registry.internal,True,False,False,True,sentinel-7b-demo,True,model_exfiltration,benign,train
2026-08-12T04:30:00+00:00,evt-model_ex-0054,user-06,job-06,ctr-06,GPU-DEMO-0001,tritonserver,61.165,69.653,190.956,0.434,model-registry.internal,True,False,False,True,sentinel-7b-demo,True,model_exfiltration,benign,train
2026-08-12T04:35:00+00:00,evt-model_ex-0055,user-07,job-07,ctr-07,GPU-DEMO-0002,python-train,83.821,79.101,257.446,0.364,model-registry.internal,True,False,False,True,sentinel-7b-demo,True,model_exfiltration,benign,train
2026-08-12T04:40:00+00:00,evt-model_ex-0056,user-00,job-08,ctr-08,GPU-DEMO-0003,python-train,67.349,51.461,255.983,0.487,model-registry.internal,True,False,False,True,sentinel-7b-demo,True,model_exfiltration,benign,train
2026-08-12T04:45:00+00:00,evt-model_ex-0057,user-01,job-09,ctr-09,GPU-DEMO-0001,tritonserver,65.758,65.132,278.896,0.372,model-registry.internal,True,False,False,True,sentinel-7b-demo,True,model_exfiltration,benign,test
2026-08-12T04:50:00+00:00,evt-model_ex-0058,user-02,job-10,ctr-10,GPU-DEMO-0002,python-train,60.41,72.914,246.199,0.345,model-registry.internal,True,False,False,True,sentinel-7b-demo,True,model_exfiltration,benign,train
2026-08-12T04:55:00+00:00,evt-model_ex-0059,user-03,job-11,ctr-11,GPU-DEMO-0003,python-train,76.129,76.382,231.646,0.117,model-registry.internal,True,False,False,True,sentinel-7b-demo,True,model_exfiltration,benign,train
2026-08-12T05:00:00+00:00,evt-model_ex-0060,user-04,job-00,ctr-00,GPU-DEMO-0001,tritonserver,69.946,75.608,200.084,0.529,model-registry.internal,True,False,False,True,sentinel-7b-demo,True,model_exfiltration,benign,train
2026-08-12T05:05:00+00:00,evt-model_ex-0061,user-05,job-01,ctr-01,GPU-DEMO-0002,python-train,50.367,84.166,211.207,0.277,model-registry.internal,True,False,False,True,sentinel-7b-demo,True,model_exfiltration,benign,train
2026-08-12T05:10:00+00:00,evt-model_ex-0062,user-06,job-02,ctr-02,GPU-DEMO-0003,python-train,68.706,66.256,271.323,0.098,model-registry.internal,True,False,False,True,sentinel-7b-demo,True,model_exfiltration,benign,train
2026-08-12T05:15:00+00:00,evt-model_ex-0063,user-07,job-03,ctr-03,GPU-DEMO-0001,tritonserver,58.053,63.563,219.615,0.346,model-registry.internal,True,False,False,True,sentinel-7b-demo,True,model_exfiltration,benign,test
2026-08-12T05:20:00+00:00,evt-model_ex-0064,user-00,job-04,ctr-04,GPU-DEMO-0002,python-train,48.774,70.331,251.549,0.96,model-registry.internal,True,False,False,True,sentinel-7b-demo,True,model_exfiltration,benign,train
2026-08-12T05:25:00+00:00,evt-model_ex-0065,user-01,job-05,ctr-05,GPU-DEMO-0003,python-train,69.486,92.683,278.718,0.583,model-registry.internal,True,False,False,True,sentinel-7b-demo,True,model_exfiltration,benign,train
2026-08-12T05:30:00+00:00,evt-model_ex-0066,user-02,job-06,ctr-06,GPU-DEMO-0001,tritonserver,73.133,63.179,272.787,0.129,model-registry.internal,True,False,False,True,sentinel-7b-demo,True,model_exfiltration,benign,train
2026-08-12T05:35:00+00:00,evt-model_ex-0067,user-03,job-07,ctr-07,GPU-DEMO-0002,python-train,63.014,74.346,227.604,0.197,model-registry.internal,True,False,False,True,sentinel-7b-demo,True,model_exfiltration,benign,train
2026-08-12T05:40:00+00:00,evt-model_ex-0068,user-04,job-08,ctr-08,GPU-DEMO-0003,python-train,75.691,69.995,233.799,0.245,model-registry.internal,True,False,False,True,sentinel-7b-demo,True,model_exfiltration,benign,train
2026-08-12T05:45:00+00:00,evt-model_ex-0069,user-05,job-09,ctr-09,GPU-DEMO-0001,tritonserver,64.667,71.778,257.449,0.306,model-registry.internal,True,False,False,True,sentinel-7b-demo,True,model_exfiltration,benign,test
2026-08-12T05:50:00+00:00,evt-model_ex-0070,user-06,job-10,ctr-10,GPU-DEMO-0002,python-train,74.444,74.851,224.752,0.659,model-registry.internal,True,False,False,True,sentinel-7b-demo,True,model_exfiltration,benign,train
2026-08-12T05:55:00+00:00,evt-model_ex-0071,user-07,job-11,ctr-11,GPU-DEMO-0003,python-train,78.624,85.267,252.955,0.156,model-registry.internal,True,False,False,True,sentinel-7b-demo,True,model_exfiltration,benign,train
2026-08-12T06:00:00+00:00,evt-model_ex-0072,user-00,job-00,ctr-00,GPU-DEMO-0001,tritonserver,57.326,77.925,234.598,0.317,model-registry.internal,True,False,False,True,sentinel-7b-demo,True,model_exfiltration,benign,train
2026-08-12T06:05:00+00:00,evt-model_ex-0073,user-01,job-01,ctr-01,GPU-DEMO-0002,python-train,72.984,77.991,235.209,0.292,model-registry.internal,True,False,False,True,sentinel-7b-demo,True,model_exfiltration,benign,train
2026-08-12T06:10:00+00:00,evt-model_ex-0074,user-02,job-02,ctr-02,GPU-DEMO-0003,python-train,81.057,75.405,244.676,0.288,model-registry.internal,True,False,False,True,sentinel-7b-demo,True,model_exfiltration,benign,train
2026-08-12T06:15:00+00:00,evt-model_ex-0075,user-03,job-03,ctr-03,GPU-DEMO-0001,tritonserver,81.031,73.906,201.945,0.197,model-registry.internal,True,False,False,True,sentinel-7b-demo,True,model_exfiltration,benign,test
2026-08-12T06:20:00+00:00,evt-model_ex-0076,user-04,job-04,ctr-04,GPU-DEMO-0002,python-train,62.165,80.433,202.338,0.277,model-registry.internal,True,False,False,True,sentinel-7b-demo,True,model_exfiltration,benign,train
2026-08-12T06:25:00+00:00,evt-model_ex-0077,user-05,job-05,ctr-05,GPU-DEMO-0003,python-train,58.159,70.196,244.204,0.912,model-registry.internal,True,False,False,True,sentinel-7b-demo,True,model_exfiltration,benign,train
2026-08-12T06:30:00+00:00,evt-model_ex-0078,user-06,job-06,ctr-06,GPU-DEMO-0001,tritonserver,56.094,70.165,273.414,0.535,model-registry.internal,True,False,False,True,sentinel-7b-demo,True,model_exfiltration,benign,train
2026-08-12T06:35:00+00:00,evt-model_ex-0079,user-07,job-07,ctr-07,GPU-DEMO-0002,python-train,77.766,70.83,200.373,0.145,model-registry.internal,True,False,False,True,sentinel-7b-demo,True,model_exfiltration,benign,train
2026-08-12T06:40:00+00:00,evt-model_ex-0080,user-00,job-08,ctr-08,GPU-DEMO-0003,python-train,68.954,66.355,211.925,0.136,model-registry.internal,True,False,False,True,sentinel-7b-demo,True,model_exfiltration,benign,train
2026-08-12T06:45:00+00:00,evt-model_ex-0081,user-01,job-09,ctr-09,GPU-DEMO-0001,tritonserver,92.747,77.715,213.792,0.619,model-registry.internal,True,False,False,True,sentinel-7b-demo,True,model_exfiltration,benign,test
2026-08-12T06:50:00+00:00,evt-model_ex-0082,user-02,job-10,ctr-10,GPU-DEMO-0002,python-train,59.448,71.983,250.622,0.119,model-registry.internal,True,False,False,True,sentinel-7b-demo,True,model_exfiltration,benign,train
2026-08-12T06:55:00+00:00,evt-model_ex-0083,user-03,job-11,ctr-11,GPU-DEMO-0003,python-train,73.947,76.425,231.064,0.249,model-registry.internal,True,False,False,True,sentinel-7b-demo,True,model_exfiltration,benign,train
2026-08-12T07:00:00+00:00,evt-model_ex-0084,user-04,job-00,ctr-00,GPU-DEMO-0001,tritonserver,65.135,61.053,292.555,0.303,model-registry.internal,True,False,False,True,sentinel-7b-demo,True,model_exfiltration,benign,train
2026-08-12T07:05:00+00:00,evt-model_ex-0085,user-05,job-01,ctr-01,GPU-DEMO-0002,python-train,62.661,66.407,194.724,0.306,model-registry.internal,True,False,False,True,sentinel-7b-demo,True,model_exfiltration,benign,train
2026-08-12T07:10:00+00:00,evt-model_ex-0086,user-06,job-02,ctr-02,GPU-DEMO-0003,python-train,80.412,70.208,214.732,0.518,model-registry.internal,True,False,False,True,sentinel-7b-demo,True,model_exfiltration,benign,train
2026-08-12T07:15:00+00:00,evt-model_ex-0087,user-07,job-03,ctr-03,GPU-DEMO-0001,tritonserver,60.744,76.984,196.499,0.203,model-registry.internal,True,False,False,True,sentinel-7b-demo,True,model_exfiltration,benign,test
2026-08-12T07:20:00+00:00,evt-model_ex-0088,user-00,job-04,ctr-04,GPU-DEMO-0002,python-train,53.936,85.722,235.886,0.495,model-registry.internal,True,False,False,True,sentinel-7b-demo,True,model_exfiltration,benign,train
2026-08-12T07:25:00+00:00,evt-model_ex-0089,user-01,job-05,ctr-05,GPU-DEMO-0003,python-train,65.893,70.712,256.002,0.173,model-registry.internal,True,False,False,True,sentinel-7b-demo,True,model_exfiltration,benign,train
2026-08-12T07:30:00+00:00,evt-model_ex-0090,user-02,job-06,ctr-06,GPU-DEMO-0001,tritonserver,60.766,80.501,248.311,0.817,model-registry.internal,True,False,False,True,sentinel-7b-demo,True,model_exfiltration,benign,train
2026-08-12T07:35:00+00:00,evt-model_ex-0091,user-03,job-07,ctr-07,GPU-DEMO-0002,python-train,62.757,79.857,210.668,0.344,model-registry.internal,True,False,False,True,sentinel-7b-demo,True,model_exfiltration,benign,train
2026-08-12T07:40:00+00:00,evt-model_ex-0092,user-04,job-08,ctr-08,GPU-DEMO-0003,python-train,58.705,78.462,194.018,0.281,model-registry.internal,True,False,False,True,sentinel-7b-demo,True,model_exfiltration,benign,train
2026-08-12T07:45:00+00:00,evt-model_ex-0093,user-05,job-09,ctr-09,GPU-DEMO-0001,tritonserver,87.602,86.123,218.352,0.324,model-registry.internal,True,False,False,True,sentinel-7b-demo,True,model_exfiltration,benign,test
2026-08-12T07:50:00+00:00,evt-model_ex-0094,user-06,job-10,ctr-10,GPU-DEMO-0002,python-train,95.673,77.822,275.363,0.762,model-registry.internal,True,False,False,True,sentinel-7b-demo,True,model_exfiltration,benign,train
2026-08-12T07:55:00+00:00,evt-model_ex-0095,user-07,job-11,ctr-11,GPU-DEMO-0003,python-train,72.906,67.727,216.997,0.197,model-registry.internal,True,False,False,True,sentinel-7b-demo,True,model_exfiltration,benign,train
2026-08-12T08:00:00+00:00,evt-model_ex-0096,user-00,job-00,ctr-00,GPU-DEMO-0001,tritonserver,51.971,77.432,205.793,1.157,model-registry.internal,True,False,False,True,sentinel-7b-demo,True,model_exfiltration,benign,train
2026-08-12T08:05:00+00:00,evt-model_ex-0097,user-01,job-01,ctr-01,GPU-DEMO-0002,python-train,65.852,67.159,231.015,0.821,model-registry.internal,True,False,False,True,sentinel-7b-demo,True,model_exfiltration,benign,train
2026-08-12T08:10:00+00:00,evt-model_ex-0098,user-02,job-02,ctr-02,GPU-DEMO-0003,python-train,80.904,81.312,245.905,0.288,model-registry.internal,True,False,False,True,sentinel-7b-demo,True,model_exfiltration,benign,train
2026-08-12T08:15:00+00:00,evt-model_ex-0099,user-03,job-03,ctr-03,GPU-DEMO-0001,tritonserver,70.681,67.906,228.13,0.399,model-registry.internal,True,False,False,True,sentinel-7b-demo,True,model_exfiltration,benign,test
2026-08-12T08:20:00+00:00,evt-model_ex-0100,user-04,job-04,ctr-04,GPU-DEMO-0002,python-train,77.598,75.756,241.406,0.308,model-registry.internal,True,False,False,True,sentinel-7b-demo,True,model_exfiltration,benign,train
2026-08-12T08:25:00+00:00,evt-model_ex-0101,user-05,job-05,ctr-05,GPU-DEMO-0003,python-train,69.395,72.985,251.216,0.759,model-registry.internal,True,False,False,True,sentinel-7b-demo,True,model_exfiltration,benign,train
2026-08-12T08:30:00+00:00,evt-model_ex-0102,user-06,job-06,ctr-06,GPU-DEMO-0001,tritonserver,65.923,75.919,194.732,0.19,model-registry.internal,True,False,False,True,sentinel-7b-demo,True,model_exfiltration,benign,train
2026-08-12T08:35:00+00:00,evt-model_ex-0103,user-07,job-07,ctr-07,GPU-DEMO-0002,python-train,71.48,79.651,250.784,0.708,model-registry.internal,True,False,False,True,sentinel-7b-demo,True,model_exfiltration,benign,train
2026-08-12T08:40:00+00:00,evt-model_ex-0104,user-00,job-08,ctr-08,GPU-DEMO-0003,python-train,43.166,57.08,260.037,0.195,model-registry.internal,True,False,False,True,sentinel-7b-demo,True,model_exfiltration,benign,train
2026-08-12T08:45:00+00:00,evt-model_ex-0105,user-01,job-09,ctr-09,GPU-DEMO-0001,tritonserver,61.829,75.355,225.817,0.083,model-registry.internal,True,False,False,True,sentinel-7b-demo,True,model_exfiltration,benign,test
2026-08-12T08:50:00+00:00,evt-model_ex-0106,user-02,job-10,ctr-10,GPU-DEMO-0002,python-train,70.954,75.292,217.246,0.206,model-registry.internal,True,False,False,True,sentinel-7b-demo,True,model_exfiltration,benign,train
2026-08-12T08:55:00+00:00,evt-model_ex-0107,user-03,job-11,ctr-11,GPU-DEMO-0003,python-train,69.265,81.63,235.572,0.282,model-registry.internal,True,False,False,True,sentinel-7b-demo,True,model_exfiltration,benign,train
2026-08-12T09:00:00+00:00,evt-model_ex-0108,user-04,job-00,ctr-00,GPU-DEMO-0001,tritonserver,71.719,79.985,194.879,0.317,model-registry.internal,True,False,False,True,sentinel-7b-demo,True,model_exfiltration,benign,train
2026-08-12T09:05:00+00:00,evt-model_ex-0109,user-05,job-01,ctr-01,GPU-DEMO-0002,python-train,66.208,80.998,219.052,0.817,model-registry.internal,True,False,False,True,sentinel-7b-demo,True,model_exfiltration,benign,train
2026-08-12T09:10:00+00:00,evt-model_ex-0110,user-06,job-02,ctr-02,GPU-DEMO-0003,python-train,51.816,74.662,229.112,0.131,model-registry.internal,True,False,False,True,sentinel-7b-demo,True,model_exfiltration,benign,train
2026-08-12T09:15:00+00:00,evt-model_ex-0111,user-07,job-03,ctr-03,GPU-DEMO-0001,tritonserver,62.213,71.959,230.452,0.345,model-registry.internal,True,False,False,True,sentinel-7b-demo,True,model_exfiltration,benign,test
2026-08-12T09:20:00+00:00,evt-model_ex-0112,user-00,job-04,ctr-04,GPU-DEMO-0002,python-train,56.002,90.513,201.612,0.617,model-registry.internal,True,False,False,True,sentinel-7b-demo,True,model_exfiltration,benign,train
2026-08-12T09:25:00+00:00,evt-model_ex-0113,user-01,job-05,ctr-05,GPU-DEMO-0003,python-train,58.761,66.92,206.383,0.376,model-registry.internal,True,False,False,True,sentinel-7b-demo,True,model_exfiltration,benign,train
2026-08-12T09:30:00+00:00,evt-model_ex-0114,user-02,job-06,ctr-06,GPU-DEMO-0001,tritonserver,72.349,63.713,210.46,0.231,model-registry.internal,True,False,False,True,sentinel-7b-demo,True,model_exfiltration,benign,train
2026-08-12T09:35:00+00:00,evt-model_ex-0115,user-03,job-07,ctr-07,GPU-DEMO-0002,python-train,60.792,81.548,255.388,0.261,model-registry.internal,True,False,False,True,sentinel-7b-demo,True,model_exfiltration,benign,train
2026-08-12T09:40:00+00:00,evt-model_ex-0116,user-04,job-08,ctr-08,GPU-DEMO-0003,python-train,63.421,69.063,194.234,0.427,model-registry.internal,True,False,False,True,sentinel-7b-demo,True,model_exfiltration,benign,train
2026-08-12T09:45:00+00:00,evt-model_ex-0117,user-05,job-09,ctr-09,GPU-DEMO-0001,tritonserver,59.807,68.106,220.658,0.106,model-registry.internal,True,False,False,True,sentinel-7b-demo,True,model_exfiltration,benign,test
2026-08-12T09:50:00+00:00,evt-model_ex-0118,user-06,job-10,ctr-10,GPU-DEMO-0002,python-train,81.413,62.319,288.413,0.185,model-registry.internal,True,False,False,True,sentinel-7b-demo,True,model_exfiltration,benign,train
2026-08-12T09:55:00+00:00,evt-model_ex-0119,user-07,job-11,ctr-11,GPU-DEMO-0003,python-train,61.322,74.043,191.975,0.22,model-registry.internal,True,False,False,True,sentinel-7b-demo,True,model_exfiltration,benign,train
2026-08-12T10:00:00+00:00,evt-model_ex-0120,user-00,job-00,ctr-00,GPU-DEMO-0001,tritonserver,67.039,79.42,259.968,0.184,model-registry.internal,True,False,False,True,sentinel-7b-demo,True,model_exfiltration,benign,train
2026-08-12T10:05:00+00:00,evt-model_ex-0121,user-01,job-01,ctr-01,GPU-DEMO-0002,python-train,77.398,80.075,232.545,0.38,model-registry.internal,True,False,False,True,sentinel-7b-demo,True,model_exfiltration,benign,train
2026-08-12T10:10:00+00:00,evt-model_ex-0122,user-02,job-02,ctr-02,GPU-DEMO-0003,python-train,61.587,70.193,236.05,0.278,model-registry.internal,True,False,False,True,sentinel-7b-demo,True,model_exfiltration,benign,train
2026-08-12T10:15:00+00:00,evt-model_ex-0123,user-03,job-03,ctr-03,GPU-DEMO-0001,tritonserver,57.116,83.086,187.454,0.187,model-registry.internal,True,False,False,True,sentinel-7b-demo,True,model_exfiltration,benign,test
2026-08-12T10:20:00+00:00,evt-model_ex-0124,user-04,job-04,ctr-04,GPU-DEMO-0002,python-train,76.698,71.224,195.6,0.231,model-registry.internal,True,False,False,True,sentinel-7b-demo,True,model_exfiltration,benign,train
2026-08-12T10:25:00+00:00,evt-model_ex-0125,user-05,job-05,ctr-05,GPU-DEMO-0003,python-train,56.36,73.183,234.77,0.329,model-registry.internal,True,False,False,True,sentinel-7b-demo,True,model_exfiltration,benign,train
2026-08-12T10:30:00+00:00,evt-model_ex-0126,user-06,job-06,ctr-06,GPU-DEMO-0001,tritonserver,64.468,80.705,207.17,0.269,model-registry.internal,True,False,False,True,sentinel-7b-demo,True,model_exfiltration,benign,train
2026-08-12T10:35:00+00:00,evt-model_ex-0127,user-07,job-07,ctr-07,GPU-DEMO-0002,python-train,82.802,70.605,250.685,0.091,model-registry.internal,True,False,False,True,sentinel-7b-demo,True,model_exfiltration,benign,train
2026-08-12T10:40:00+00:00,evt-model_ex-0128,user-00,job-08,ctr-08,GPU-DEMO-0003,python-train,71.532,77.462,235.072,0.454,model-registry.internal,True,False,False,True,sentinel-7b-demo,True,model_exfiltration,benign,train
2026-08-12T10:45:00+00:00,evt-model_ex-0129,user-01,job-09,ctr-09,GPU-DEMO-0001,tritonserver,65.093,70.772,201.318,0.631,model-registry.internal,True,False,False,True,sentinel-7b-demo,True,model_exfiltration,benign,test
2026-08-12T10:50:00+00:00,evt-model_ex-0130,user-02,job-10,ctr-10,GPU-DEMO-0002,python-train,58.88,70.773,192.173,0.419,model-registry.internal,True,False,False,True,sentinel-7b-demo,True,model_exfiltration,benign,train
2026-08-12T10:55:00+00:00,evt-model_ex-0131,user-03,job-11,ctr-11,GPU-DEMO-0003,python-train,71.499,63.145,228.131,1.45,model-registry.internal,True,False,False,True,sentinel-7b-demo,True,model_exfiltration,benign,train
2026-08-12T11:00:00+00:00,evt-model_ex-0132,user-04,job-00,ctr-00,GPU-DEMO-0001,tritonserver,65.829,74.655,263.89,0.262,model-registry.internal,True,False,False,True,sentinel-7b-demo,True,model_exfiltration,benign,train
2026-08-12T11:05:00+00:00,evt-model_ex-0133,user-05,job-01,ctr-01,GPU-DEMO-0002,python-train,58.891,84.06,235.538,0.429,model-registry.internal,True,False,False,True,sentinel-7b-demo,True,model_exfiltration,benign,train
2026-08-12T11:10:00+00:00,evt-model_ex-0134,user-06,job-02,ctr-02,GPU-DEMO-0003,python-train,57.179,86.938,208.824,0.687,model-registry.internal,True,False,False,True,sentinel-7b-demo,True,model_exfiltration,benign,train
2026-08-12T11:15:00+00:00,evt-model_ex-0135,user-07,job-03,ctr-03,GPU-DEMO-0001,tritonserver,57.114,76.015,216.022,0.569,model-registry.internal,True,False,False,True,sentinel-7b-demo,True,model_exfiltration,benign,test
2026-08-12T11:20:00+00:00,evt-model_ex-0136,user-00,job-04,ctr-04,GPU-DEMO-0002,python-train,68.017,70.03,258.013,0.589,model-registry.internal,True,False,False,True,sentinel-7b-demo,True,model_exfiltration,benign,train
2026-08-12T11:25:00+00:00,evt-model_ex-0137,user-01,job-05,ctr-05,GPU-DEMO-0003,python-train,75.94,73.694,245.827,0.19,model-registry.internal,True,False,False,True,sentinel-7b-demo,True,model_exfiltration,benign,train
2026-08-12T11:30:00+00:00,evt-model_ex-0138,user-02,job-06,ctr-06,GPU-DEMO-0001,tritonserver,72.793,82.06,222.35,0.307,model-registry.internal,True,False,False,True,sentinel-7b-demo,True,model_exfiltration,benign,train
2026-08-12T11:35:00+00:00,evt-model_ex-0139,user-03,job-07,ctr-07,GPU-DEMO-0002,python-train,54.113,68.249,231.994,0.412,model-registry.internal,True,False,False,True,sentinel-7b-demo,True,model_exfiltration,benign,train
2026-08-12T11:40:00+00:00,evt-model_ex-0140,user-04,job-08,ctr-08,GPU-DEMO-0003,python-train,57.197,68.335,212.785,0.566,model-registry.internal,True,False,False,True,sentinel-7b-demo,True,model_exfiltration,benign,train
2026-08-12T11:45:00+00:00,evt-model_ex-0141,user-05,job-09,ctr-09,GPU-DEMO-0001,tritonserver,75.146,84.846,248.099,0.496,model-registry.internal,True,False,False,True,sentinel-7b-demo,True,model_exfiltration,benign,test
2026-08-12T11:50:00+00:00,evt-model_ex-0142,user-06,job-10,ctr-10,GPU-DEMO-0002,python-train,71.918,82.345,265.991,0.246,model-registry.internal,True,False,False,True,sentinel-7b-demo,True,model_exfiltration,benign,train
2026-08-12T11:55:00+00:00,evt-model_ex-0143,user-07,job-11,ctr-11,GPU-DEMO-0003,python-train,68.798,71.847,186.188,0.379,model-registry.internal,True,False,False,True,sentinel-7b-demo,True,model_exfiltration,benign,train
2026-08-12T12:00:00+00:00,evt-model_ex-0144,user-00,job-00,ctr-00,GPU-DEMO-0001,tritonserver,75.834,88.884,243.951,0.699,model-registry.internal,True,False,False,True,sentinel-7b-demo,True,model_exfiltration,benign,train
2026-08-12T12:05:00+00:00,evt-model_ex-0145,user-01,job-01,ctr-01,GPU-DEMO-0002,python-train,75.335,75.611,230.356,0.569,model-registry.internal,True,False,False,True,sentinel-7b-demo,True,model_exfiltration,benign,train
2026-08-12T12:10:00+00:00,evt-model_ex-0146,user-02,job-02,ctr-02,GPU-DEMO-0003,python-train,64.031,72.635,261.56,0.155,model-registry.internal,True,False,False,True,sentinel-7b-demo,True,model_exfiltration,benign,train
2026-08-12T12:15:00+00:00,evt-model_ex-0147,user-03,job-03,ctr-03,GPU-DEMO-0001,tritonserver,72.331,77.847,189.112,0.317,model-registry.internal,True,False,False,True,sentinel-7b-demo,True,model_exfiltration,benign,test
2026-08-12T12:20:00+00:00,evt-model_ex-0148,user-04,job-04,ctr-04,GPU-DEMO-0002,python-train,47.491,81.701,225.046,0.412,model-registry.internal,True,False,False,True,sentinel-7b-demo,True,model_exfiltration,benign,train
2026-08-12T12:25:00+00:00,evt-model_ex-0149,user-05,job-05,ctr-05,GPU-DEMO-0003,python-train,64.178,67.438,258.976,0.15,model-registry.internal,True,False,False,True,sentinel-7b-demo,True,model_exfiltration,benign,train
2026-08-12T12:30:00+00:00,evt-model_ex-0150,user-06,job-06,ctr-06,GPU-DEMO-0001,tritonserver,54.739,55.009,196.998,0.132,model-registry.internal,True,False,False,True,sentinel-7b-demo,True,model_exfiltration,benign,train
2026-08-12T12:35:00+00:00,evt-model_ex-0151,user-07,job-07,ctr-07,GPU-DEMO-0002,python-train,62.724,69.843,231.944,1.029,model-registry.internal,True,False,False,True,sentinel-7b-demo,True,model_exfiltration,benign,train
2026-08-12T12:40:00+00:00,evt-model_ex-0152,user-00,job-08,ctr-08,GPU-DEMO-0003,python-train,92.811,62.868,199.888,0.65,model-registry.internal,True,False,False,True,sentinel-7b-demo,True,model_exfiltration,benign,train
2026-08-12T12:45:00+00:00,evt-model_ex-0153,user-01,job-09,ctr-09,GPU-DEMO-0001,tritonserver,48.006,71.138,266.758,0.165,model-registry.internal,True,False,False,True,sentinel-7b-demo,True,model_exfiltration,benign,test
2026-08-12T12:50:00+00:00,evt-model_ex-0154,user-02,job-10,ctr-10,GPU-DEMO-0002,python-train,63.476,60.717,212.206,0.385,model-registry.internal,True,False,False,True,sentinel-7b-demo,True,model_exfiltration,benign,train
2026-08-12T12:55:00+00:00,evt-model_ex-0155,user-03,job-11,ctr-11,GPU-DEMO-0003,python-train,64.507,87.502,222.385,0.147,model-registry.internal,True,False,False,True,sentinel-7b-demo,True,model_exfiltration,benign,train
2026-08-12T13:00:00+00:00,evt-model_ex-0156,user-04,job-00,ctr-00,GPU-DEMO-0001,tritonserver,62.107,72.964,210.775,0.424,model-registry.internal,True,False,False,True,sentinel-7b-demo,True,model_exfiltration,benign,train
2026-08-12T13:05:00+00:00,evt-model_ex-0157,user-05,job-01,ctr-01,GPU-DEMO-0002,python-train,57.407,67.242,206.399,0.673,model-registry.internal,True,False,False,True,sentinel-7b-demo,True,model_exfiltration,benign,train
2026-08-12T13:10:00+00:00,evt-model_ex-0158,user-06,job-02,ctr-02,GPU-DEMO-0003,python-export-demo,47.417,85.375,212.985,668.185,object-store.example.invalid,False,False,False,True,sentinel-7b-demo,True,model_exfiltration,model_exfiltration,train
2026-08-12T13:15:00+00:00,evt-model_ex-0159,user-07,job-03,ctr-03,GPU-DEMO-0001,python-export-demo,59.683,75.624,216.051,1229.596,object-store.example.invalid,False,False,False,True,sentinel-7b-demo,True,model_exfiltration,model_exfiltration,test
2026-08-12T13:20:00+00:00,evt-model_ex-0160,user-00,job-04,ctr-04,GPU-DEMO-0002,python-checkpoint,66.932,81.392,197.058,190.263,backup.internal,True,False,False,True,sentinel-7b-demo,True,model_exfiltration,model_exfiltration,test
2026-08-12T13:25:00+00:00,evt-model_ex-0161,user-01,job-05,ctr-05,GPU-DEMO-0003,python-export-demo,43.1,79.784,227.332,1057.211,object-store.example.invalid,False,False,False,True,sentinel-7b-demo,True,model_exfiltration,model_exfiltration,train
2026-08-12T13:30:00+00:00,evt-model_ex-0162,user-02,job-06,ctr-06,GPU-DEMO-0001,python-export-demo,58.712,92.721,239.943,1165.888,object-store.example.invalid,False,False,False,True,sentinel-7b-demo,True,model_exfiltration,model_exfiltration,train
2026-08-12T13:35:00+00:00,evt-model_ex-0163,user-03,job-07,ctr-07,GPU-DEMO-0002,python-export-demo,57.107,77.036,194.262,2446.956,object-store.example.invalid,False,False,False,True,sentinel-7b-demo,True,model_exfiltration,model_exfiltration,train
2026-08-12T13:40:00+00:00,evt-model_ex-0164,user-04,job-08,ctr-08,GPU-DEMO-0003,python-checkpoint,59.48,79.862,186.06,85.002,backup.internal,True,False,False,True,sentinel-7b-demo,True,model_exfiltration,model_exfiltration,train
2026-08-12T13:45:00+00:00,evt-model_ex-0165,user-05,job-09,ctr-09,GPU-DEMO-0001,python-export-demo,58.072,87.531,204.377,2213.378,object-store.example.invalid,False,False,False,True,sentinel-7b-demo,True,model_exfiltration,model_exfiltration,test
2026-08-12T13:50:00+00:00,evt-model_ex-0166,user-06,job-10,ctr-10,GPU-DEMO-0002,python-export-demo,53.686,87.112,206.985,1834.541,object-store.example.invalid,False,False,False,True,sentinel-7b-demo,True,model_exfiltration,model_exfiltration,train
2026-08-12T13:55:00+00:00,evt-model_ex-0167,user-07,job-11,ctr-11,GPU-DEMO-0003,python-export-demo,60.66,80.576,216.465,2408.802,object-store.example.invalid,False,False,False,True,sentinel-7b-demo,True,model_exfiltration,model_exfiltration,train
2026-08-12T14:00:00+00:00,evt-model_ex-0168,user-00,job-00,ctr-00,GPU-DEMO-0001,python-checkpoint,46.091,80.952,254.055,208.463,backup.internal,True,False,False,True,sentinel-7b-demo,True,model_exfiltration,model_exfiltration,test
2026-08-12T14:05:00+00:00,evt-model_ex-0169,user-01,job-01,ctr-01,GPU-DEMO-0002,python-export-demo,57.193,83.449,260.503,1272.132,object-store.example.invalid,False,False,False,True,sentinel-7b-demo,True,model_exfiltration,model_exfiltration,train
2026-08-12T14:10:00+00:00,evt-model_ex-0170,user-02,job-02,ctr-02,GPU-DEMO-0003,python-export-demo,44.399,78.057,181.444,1597.025,object-store.example.invalid,False,False,False,True,sentinel-7b-demo,True,model_exfiltration,model_exfiltration,train
2026-08-12T14:15:00+00:00,evt-model_ex-0171,user-03,job-03,ctr-03,GPU-DEMO-0001,python-export-demo,66.976,82.934,205.614,2762.578,object-store.example.invalid,False,False,False,True,sentinel-7b-demo,True,model_exfiltration,model_exfiltration,test
2026-08-12T14:20:00+00:00,evt-model_ex-0172,user-04,job-04,ctr-04,GPU-DEMO-0002,python-checkpoint,51.605,85.441,201.018,164.464,backup.internal,True,False,False,True,sentinel-7b-demo,True,model_exfiltration,model_exfiltration,train
2026-08-12T14:25:00+00:00,evt-model_ex-0173,user-05,job-05,ctr-05,GPU-DEMO-0003,python-export-demo,53.693,87.002,234.239,1660.888,object-store.example.invalid,False,False,False,True,sentinel-7b-demo,True,model_exfiltration,model_exfiltration,train
2026-08-12T14:30:00+00:00,evt-model_ex-0174,user-06,job-06,ctr-06,GPU-DEMO-0001,python-export-demo,64.102,84.758,246.632,1096.378,object-store.example.invalid,False,False,False,True,sentinel-7b-demo,True,model_exfiltration,model_exfiltration,train
2026-08-12T14:35:00+00:00,evt-model_ex-0175,user-07,job-07,ctr-07,GPU-DEMO-0002,python-export-demo,57.447,79.954,215.41,2752.198,object-store.example.invalid,False,False,False,True,sentinel-7b-demo,True,model_exfiltration,model_exfiltration,train
2026-08-12T14:40:00+00:00,evt-model_ex-0176,user-00,job-08,ctr-08,GPU-DEMO-0003,python-checkpoint,59.99,86.407,257.082,75.795,backup.internal,True,False,False,True,sentinel-7b-demo,True,model_exfiltration,model_exfiltration,test
2026-08-12T14:45:00+00:00,evt-model_ex-0177,user-01,job-09,ctr-09,GPU-DEMO-0001,python-export-demo,50.929,81.733,230.876,1288.331,object-store.example.invalid,False,False,False,True,sentinel-7b-demo,True,model_exfiltration,model_exfiltration,test
2026-08-12T14:50:00+00:00,evt-model_ex-0178,user-02,job-10,ctr-10,GPU-DEMO-0002,python-export-demo,46.869,82.993,243.722,1699.328,object-store.example.invalid,False,False,False,True,sentinel-7b-demo,True,model_exfiltration,model_exfiltration,train
2026-08-12T14:55:00+00:00,evt-model_ex-0179,user-03,job-11,ctr-11,GPU-DEMO-0003,python-export-demo,59.854,83.575,244.981,1179.341,object-store.example.invalid,False,False,False,True,sentinel-7b-demo,True,model_exfiltration,model_exfiltration,train
2026-08-12T15:00:00+00:00,evt-model_ex-0180,user-04,job-00,ctr-00,GPU-DEMO-0001,python-checkpoint,39.322,88.599,183.768,195.721,backup.internal,True,False,False,True,sentinel-7b-demo,True,model_exfiltration,model_exfiltration,train
2026-08-12T15:05:00+00:00,evt-model_ex-0181,user-05,job-01,ctr-01,GPU-DEMO-0002,python-export-demo,54.16,84.626,232.037,1817.192,object-store.example.invalid,False,False,False,True,sentinel-7b-demo,True,model_exfiltration,model_exfiltration,train
2026-08-12T15:10:00+00:00,evt-model_ex-0182,user-06,job-02,ctr-02,GPU-DEMO-0003,python-export-demo,56.219,83.398,217.694,2626.827,object-store.example.invalid,False,False,False,True,sentinel-7b-demo,True,model_exfiltration,model_exfiltration,train
2026-08-12T15:15:00+00:00,evt-model_ex-0183,user-07,job-03,ctr-03,GPU-DEMO-0001,python-export-demo,55.535,81.559,227.507,2788.7,object-store.example.invalid,False,False,False,True,sentinel-7b-demo,True,model_exfiltration,model_exfiltration,test
2026-08-12T15:20:00+00:00,evt-model_ex-0184,user-00,job-04,ctr-04,GPU-DEMO-0002,python-checkpoint,50.311,84.805,229.602,169.673,backup.internal,True,False,False,True,sentinel-7b-demo,True,model_exfiltration,model_exfiltration,test
2026-08-12T15:25:00+00:00,evt-model_ex-0185,user-01,job-05,ctr-05,GPU-DEMO-0003,python-export-demo,65.119,76.624,250.333,1117.558,object-store.example.invalid,False,False,False,True,sentinel-7b-demo,True,model_exfiltration,model_exfiltration,train
2026-08-12T15:30:00+00:00,evt-model_ex-0186,user-02,job-06,ctr-06,GPU-DEMO-0001,python-export-demo,56.912,83.006,227.057,1169.39,object-store.example.invalid,False,False,False,True,sentinel-7b-demo,True,model_exfiltration,model_exfiltration,train
2026-08-12T15:35:00+00:00,evt-model_ex-0187,user-03,job-07,ctr-07,GPU-DEMO-0002,python-export-demo,51.728,86.946,224.488,1171.373,object-store.example.invalid,False,False,False,True,sentinel-7b-demo,True,model_exfiltration,model_exfiltration,train
2026-08-12T15:40:00+00:00,evt-model_ex-0188,user-04,job-08,ctr-08,GPU-DEMO-0003,python-checkpoint,56.604,71.312,212.455,209.235,backup.internal,True,False,False,True,sentinel-7b-demo,True,model_exfiltration,model_exfiltration,train
2026-08-12T15:45:00+00:00,evt-model_ex-0189,user-05,job-09,ctr-09,GPU-DEMO-0001,python-export-demo,54.078,86.528,207.152,692.184,object-store.example.invalid,False,False,False,True,sentinel-7b-demo,True,model_exfiltration,model_exfiltration,test
2026-08-12T15:50:00+00:00,evt-model_ex-0190,user-06,job-10,ctr-10,GPU-DEMO-0002,python-export-demo,60.962,86.955,214.357,2508.101,object-store.example.invalid,False,False,False,True,sentinel-7b-demo,True,model_exfiltration,model_exfiltration,train
2026-08-12T15:55:00+00:00,evt-model_ex-0191,user-07,job-11,ctr-11,GPU-DEMO-0003,python-export-demo,54.049,74.307,259.509,2269.079,object-store.example.invalid,False,False,False,True,sentinel-7b-demo,True,model_exfiltration,model_exfiltration,train
2026-08-12T16:00:00+00:00,evt-model_ex-0192,user-00,job-00,ctr-00,GPU-DEMO-0001,python-checkpoint,56.728,86.389,218.581,89.542,backup.internal,True,False,False,True,sentinel-7b-demo,True,model_exfiltration,model_exfiltration,test
2026-08-12T16:05:00+00:00,evt-model_ex-0193,user-01,job-01,ctr-01,GPU-DEMO-0002,python-export-demo,50.582,86.42,221.069,2547.216,object-store.example.invalid,False,False,False,True,sentinel-7b-demo,True,model_exfiltration,model_exfiltration,train
2026-08-12T16:10:00+00:00,evt-model_ex-0194,user-02,job-02,ctr-02,GPU-DEMO-0003,python-export-demo,49.682,80.193,260.135,875.978,object-store.example.invalid,False,False,False,True,sentinel-7b-demo,True,model_exfiltration,model_exfiltration,train
2026-08-12T16:15:00+00:00,evt-model_ex-0195,user-03,job-03,ctr-03,GPU-DEMO-0001,python-export-demo,56.571,79.855,248.658,1060.809,object-store.example.invalid,False,False,False,True,sentinel-7b-demo,True,model_exfiltration,model_exfiltration,test
2026-08-12T16:20:00+00:00,evt-model_ex-0196,user-04,job-04,ctr-04,GPU-DEMO-0002,python-checkpoint,50.385,80.463,241.703,117.843,backup.internal,True,False,False,True,sentinel-7b-demo,True,model_exfiltration,model_exfiltration,train
2026-08-12T16:25:00+00:00,evt-model_ex-0197,user-05,job-05,ctr-05,GPU-DEMO-0003,python-export-demo,45.57,92.042,177.993,2449.856,object-store.example.invalid,False,False,False,True,sentinel-7b-demo,True,model_exfiltration,model_exfiltration,train
2026-08-12T16:30:00+00:00,evt-model_ex-0198,user-06,job-06,ctr-06,GPU-DEMO-0001,python-export-demo,56.451,81.734,240.759,1681.518,object-store.example.invalid,False,False,False,True,sentinel-7b-demo,True,model_exfiltration,model_exfiltration,train
2026-08-12T16:35:00+00:00,evt-model_ex-0199,user-07,job-07,ctr-07,GPU-DEMO-0002,python-export-demo,51.289,89.031,217.012,2006.463,object-store.example.invalid,False,False,False,True,sentinel-7b-demo,True,model_exfiltration,model_exfiltration,train
2026-08-12T16:40:00+00:00,evt-model_ex-0200,user-00,job-08,ctr-08,GPU-DEMO-0003,python-checkpoint,47.232,86.853,219.514,199.234,backup.internal,True,False,False,True,sentinel-7b-demo,True,model_exfiltration,model_exfiltration,test
2026-08-12T16:45:00+00:00,evt-model_ex-0201,user-01,job-09,ctr-09,GPU-DEMO-0001,python-export-demo,47.926,76.661,236.44,2316.272,object-store.example.invalid,False,False,False,True,sentinel-7b-demo,True,model_exfiltration,model_exfiltration,test
2026-08-12T16:50:00+00:00,evt-model_ex-0202,user-02,job-10,ctr-10,GPU-DEMO-0002,python-export-demo,59.27,82.37,212.966,1402.931,object-store.example.invalid,False,False,False,True,sentinel-7b-demo,True,model_exfiltration,model_exfiltration,train
2026-08-12T16:55:00+00:00,evt-model_ex-0203,user-03,job-11,ctr-11,GPU-DEMO-0003,python-export-demo,50.438,86.586,217.025,1305.594,object-store.example.invalid,False,False,False,True,sentinel-7b-demo,True,model_exfiltration,model_exfiltration,train
2026-08-12T17:00:00+00:00,evt-model_ex-0204,user-04,job-00,ctr-00,GPU-DEMO-0001,python-checkpoint,53.595,84.953,196.505,110.714,backup.internal,True,False,False,True,sentinel-7b-demo,True,model_exfiltration,model_exfiltration,train
2026-08-12T17:05:00+00:00,evt-model_ex-0205,user-05,job-01,ctr-01,GPU-DEMO-0002,python-export-demo,52.624,83.923,216.987,1713.928,object-store.example.invalid,False,False,False,True,sentinel-7b-demo,True,model_exfiltration,model_exfiltration,train
2026-08-12T17:10:00+00:00,evt-model_ex-0206,user-06,job-02,ctr-02,GPU-DEMO-0003,python-export-demo,53.801,89.277,249.178,776.713,object-store.example.invalid,False,False,False,True,sentinel-7b-demo,True,model_exfiltration,model_exfiltration,train
2026-08-12T17:15:00+00:00,evt-model_ex-0207,user-07,job-03,ctr-03,GPU-DEMO-0001,python-export-demo,66.187,88.017,248.235,1903.999,object-store.example.invalid,False,False,False,True,sentinel-7b-demo,True,model_exfiltration,model_exfiltration,test
2026-08-12T17:20:00+00:00,evt-model_ex-0208,user-00,job-04,ctr-04,GPU-DEMO-0002,python-checkpoint,52.784,90.729,224.773,143.384,backup.internal,True,False,False,True,sentinel-7b-demo,True,model_exfiltration,model_exfiltration,test
2026-08-12T17:25:00+00:00,evt-model_ex-0209,user-01,job-05,ctr-05,GPU-DEMO-0003,python-export-demo,54.855,84.202,197.811,2576.784,object-store.example.invalid,False,False,False,True,sentinel-7b-demo,True,model_exfiltration,model_exfiltration,train
2026-08-12T17:30:00+00:00,evt-model_ex-0210,user-02,job-06,ctr-06,GPU-DEMO-0001,python-export-demo,59.351,91.098,224.77,1662.364,object-store.example.invalid,False,False,False,True,sentinel-7b-demo,True,model_exfiltration,model_exfiltration,train
2026-08-12T17:35:00+00:00,evt-model_ex-0211,user-03,job-07,ctr-07,GPU-DEMO-0002,python-export-demo,52.594,81.94,252.54,2799.697,object-store.example.invalid,False,False,False,True,sentinel-7b-demo,True,model_exfiltration,model_exfiltration,train
2026-08-12T17:40:00+00:00,evt-model_ex-0212,user-04,job-08,ctr-08,GPU-DEMO-0003,python-checkpoint,62.626,87.738,253.97,135.922,backup.internal,True,False,False,True,sentinel-7b-demo,True,model_exfiltration,model_exfiltration,train
2026-08-12T17:45:00+00:00,evt-model_ex-0213,user-05,job-09,ctr-09,GPU-DEMO-0001,python-export-demo,41.563,84.48,214.225,853.052,object-store.example.invalid,False,False,False,True,sentinel-7b-demo,True,model_exfiltration,model_exfiltration,test
2026-08-12T17:50:00+00:00,evt-model_ex-0214,user-06,job-10,ctr-10,GPU-DEMO-0002,python-export-demo,46.028,76.402,223.079,1051.047,object-store.example.invalid,False,False,False,True,sentinel-7b-demo,True,model_exfiltration,model_exfiltration,train
2026-08-12T17:55:00+00:00,evt-model_ex-0215,user-07,job-11,ctr-11,GPU-DEMO-0003,python-export-demo,58.262,78.787,214.476,1141.398,object-store.example.invalid,False,False,False,True,sentinel-7b-demo,True,model_exfiltration,model_exfiltration,train
2026-08-12T18:00:00+00:00,evt-model_ex-0216,user-00,job-00,ctr-00,GPU-DEMO-0001,python-checkpoint,58.081,87.518,229.098,188.269,backup.internal,True,False,False,True,sentinel-7b-demo,True,model_exfiltration,model_exfiltration,test
2026-08-12T18:05:00+00:00,evt-model_ex-0217,user-01,job-01,ctr-01,GPU-DEMO-0002,python-export-demo,41.789,83.938,227.089,2727.862,object-store.example.invalid,False,False,False,True,sentinel-7b-demo,True,model_exfiltration,model_exfiltration,train
2026-08-12T18:10:00+00:00,evt-model_ex-0218,user-02,job-02,ctr-02,GPU-DEMO-0003,python-export-demo,59.092,76.473,221.52,2316.874,object-store.example.invalid,False,False,False,True,sentinel-7b-demo,True,model_exfiltration,model_exfiltration,train
2026-08-12T18:15:00+00:00,evt-model_ex-0219,user-03,job-03,ctr-03,GPU-DEMO-0001,python-export-demo,52.143,85.855,228.211,771.273,object-store.example.invalid,False,False,False,True,sentinel-7b-demo,True,model_exfiltration,model_exfiltration,test
2026-08-12T00:00:00+00:00,evt-containe-0000,user-00,job-00,ctr-00,GPU-DEMO-0001,tritonserver,52.286,78.145,207.594,0.449,model-registry.internal,True,False,False,True,sentinel-7b-demo,True,container_escape,benign,train
2026-08-12T00:05:00+00:00,evt-containe-0001,user-01,job-01,ctr-01,GPU-DEMO-0002,python-train,64.356,82.555,230.598,0.374,model-registry.internal,True,False,False,True,sentinel-7b-demo,True,container_escape,benign,train
2026-08-12T00:10:00+00:00,evt-containe-0002,user-02,job-02,ctr-02,GPU-DEMO-0003,python-train,75.576,71.369,237.541,0.181,model-registry.internal,True,False,False,True,sentinel-7b-demo,True,container_escape,benign,test
2026-08-12T00:15:00+00:00,evt-containe-0003,user-03,job-03,ctr-03,GPU-DEMO-0001,tritonserver,66.68,71.778,256.369,0.117,model-registry.internal,True,False,False,True,sentinel-7b-demo,True,container_escape,benign,train
2026-08-12T00:20:00+00:00,evt-containe-0004,user-04,job-04,ctr-04,GPU-DEMO-0002,python-train,71.875,67.402,221.109,0.319,model-registry.internal,True,False,False,True,sentinel-7b-demo,True,container_escape,benign,train
2026-08-12T00:25:00+00:00,evt-containe-0005,user-05,job-05,ctr-05,GPU-DEMO-0003,python-train,56.11,60.491,240.276,0.245,model-registry.internal,True,False,False,True,sentinel-7b-demo,True,container_escape,benign,train
2026-08-12T00:30:00+00:00,evt-containe-0006,user-06,job-06,ctr-06,GPU-DEMO-0001,tritonserver,73.418,71.254,229.354,0.303,model-registry.internal,True,False,False,True,sentinel-7b-demo,True,container_escape,benign,train
2026-08-12T00:35:00+00:00,evt-containe-0007,user-07,job-07,ctr-07,GPU-DEMO-0002,python-train,61.889,80.215,228.378,0.209,model-registry.internal,True,False,False,True,sentinel-7b-demo,True,container_escape,benign,train
2026-08-12T00:40:00+00:00,evt-containe-0008,user-00,job-08,ctr-08,GPU-DEMO-0003,python-train,62.242,72.567,225.531,0.6,model-registry.internal,True,False,False,True,sentinel-7b-demo,True,container_escape,benign,test
2026-08-12T00:45:00+00:00,evt-containe-0009,user-01,job-09,ctr-09,GPU-DEMO-0001,tritonserver,73.255,81.063,249.591,0.5,model-registry.internal,True,False,False,True,sentinel-7b-demo,True,container_escape,benign,train
2026-08-12T00:50:00+00:00,evt-containe-0010,user-02,job-10,ctr-10,GPU-DEMO-0002,python-train,42.442,74.772,216.982,0.223,model-registry.internal,True,False,False,True,sentinel-7b-demo,True,container_escape,benign,train
2026-08-12T00:55:00+00:00,evt-containe-0011,user-03,job-11,ctr-11,GPU-DEMO-0003,python-train,68.653,67.685,245.606,0.13,model-registry.internal,True,False,False,True,sentinel-7b-demo,True,container_escape,benign,train
2026-08-12T01:00:00+00:00,evt-containe-0012,user-04,job-00,ctr-00,GPU-DEMO-0001,tritonserver,70.035,76.466,237.088,0.549,model-registry.internal,True,False,False,True,sentinel-7b-demo,True,container_escape,benign,train
2026-08-12T01:05:00+00:00,evt-containe-0013,user-05,job-01,ctr-01,GPU-DEMO-0002,python-train,73.065,75.011,252.818,0.306,model-registry.internal,True,False,False,True,sentinel-7b-demo,True,container_escape,benign,train
2026-08-12T01:10:00+00:00,evt-containe-0014,user-06,job-02,ctr-02,GPU-DEMO-0003,python-train,56.866,78.469,244.182,0.138,model-registry.internal,True,False,False,True,sentinel-7b-demo,True,container_escape,benign,test
2026-08-12T01:15:00+00:00,evt-containe-0015,user-07,job-03,ctr-03,GPU-DEMO-0001,tritonserver,50.305,73.447,265.231,0.063,model-registry.internal,True,False,False,True,sentinel-7b-demo,True,container_escape,benign,train
2026-08-12T01:20:00+00:00,evt-containe-0016,user-00,job-04,ctr-04,GPU-DEMO-0002,python-train,55.902,75.058,227.008,0.333,model-registry.internal,True,False,False,True,sentinel-7b-demo,True,container_escape,benign,train
2026-08-12T01:25:00+00:00,evt-containe-0017,user-01,job-05,ctr-05,GPU-DEMO-0003,python-train,78.484,82.198,227.078,0.461,model-registry.internal,True,False,False,True,sentinel-7b-demo,True,container_escape,benign,train
2026-08-12T01:30:00+00:00,evt-containe-0018,user-02,job-06,ctr-06,GPU-DEMO-0001,tritonserver,59.274,76.567,218.773,0.669,model-registry.internal,True,False,False,True,sentinel-7b-demo,True,container_escape,benign,train
2026-08-12T01:35:00+00:00,evt-containe-0019,user-03,job-07,ctr-07,GPU-DEMO-0002,python-train,62.292,74.159,195.584,0.177,model-registry.internal,True,False,False,True,sentinel-7b-demo,True,container_escape,benign,train
2026-08-12T01:40:00+00:00,evt-containe-0020,user-04,job-08,ctr-08,GPU-DEMO-0003,python-train,71.174,74.732,295.884,0.285,model-registry.internal,True,False,False,True,sentinel-7b-demo,True,container_escape,benign,test
2026-08-12T01:45:00+00:00,evt-containe-0021,user-05,job-09,ctr-09,GPU-DEMO-0001,tritonserver,78.789,71.646,218.638,0.188,model-registry.internal,True,False,False,True,sentinel-7b-demo,True,container_escape,benign,train
2026-08-12T01:50:00+00:00,evt-containe-0022,user-06,job-10,ctr-10,GPU-DEMO-0002,python-train,67.853,81.744,209.727,0.356,model-registry.internal,True,False,False,True,sentinel-7b-demo,True,container_escape,benign,train
2026-08-12T01:55:00+00:00,evt-containe-0023,user-07,job-11,ctr-11,GPU-DEMO-0003,python-train,85.193,63.919,221.054,0.248,model-registry.internal,True,False,False,True,sentinel-7b-demo,True,container_escape,benign,train
2026-08-12T02:00:00+00:00,evt-containe-0024,user-00,job-00,ctr-00,GPU-DEMO-0001,tritonserver,61.868,67.09,230.608,0.252,model-registry.internal,True,False,False,True,sentinel-7b-demo,True,container_escape,benign,train
2026-08-12T02:05:00+00:00,evt-containe-0025,user-01,job-01,ctr-01,GPU-DEMO-0002,python-train,55.239,70.131,222.258,0.299,model-registry.internal,True,False,False,True,sentinel-7b-demo,True,container_escape,benign,train
2026-08-12T02:10:00+00:00,evt-containe-0026,user-02,job-02,ctr-02,GPU-DEMO-0003,python-train,58.622,63.039,194.239,0.381,model-registry.internal,True,False,False,True,sentinel-7b-demo,True,container_escape,benign,test
2026-08-12T02:15:00+00:00,evt-containe-0027,user-03,job-03,ctr-03,GPU-DEMO-0001,tritonserver,70.227,64.801,220.742,0.353,model-registry.internal,True,False,False,True,sentinel-7b-demo,True,container_escape,benign,train
2026-08-12T02:20:00+00:00,evt-containe-0028,user-04,job-04,ctr-04,GPU-DEMO-0002,python-train,77.205,62.751,234.743,0.265,model-registry.internal,True,False,False,True,sentinel-7b-demo,True,container_escape,benign,train
2026-08-12T02:25:00+00:00,evt-containe-0029,user-05,job-05,ctr-05,GPU-DEMO-0003,python-train,62.812,82.936,227.826,0.138,model-registry.internal,True,False,False,True,sentinel-7b-demo,True,container_escape,benign,train
2026-08-12T02:30:00+00:00,evt-containe-0030,user-06,job-06,ctr-06,GPU-DEMO-0001,tritonserver,69.863,76.927,217.852,0.223,model-registry.internal,True,False,False,True,sentinel-7b-demo,True,container_escape,benign,train
2026-08-12T02:35:00+00:00,evt-containe-0031,user-07,job-07,ctr-07,GPU-DEMO-0002,python-train,43.452,91.569,232.636,0.142,model-registry.internal,True,False,False,True,sentinel-7b-demo,True,container_escape,benign,train
2026-08-12T02:40:00+00:00,evt-containe-0032,user-00,job-08,ctr-08,GPU-DEMO-0003,python-train,82.182,75.228,302.428,0.683,model-registry.internal,True,False,False,True,sentinel-7b-demo,True,container_escape,benign,test
2026-08-12T02:45:00+00:00,evt-containe-0033,user-01,job-09,ctr-09,GPU-DEMO-0001,tritonserver,73.658,60.945,254.229,0.881,model-registry.internal,True,False,False,True,sentinel-7b-demo,True,container_escape,benign,train
2026-08-12T02:50:00+00:00,evt-containe-0034,user-02,job-10,ctr-10,GPU-DEMO-0002,python-train,53.961,76.243,237.78,0.35,model-registry.internal,True,False,False,True,sentinel-7b-demo,True,container_escape,benign,train
2026-08-12T02:55:00+00:00,evt-containe-0035,user-03,job-11,ctr-11,GPU-DEMO-0003,python-train,63.526,70.911,233.932,0.526,model-registry.internal,True,False,False,True,sentinel-7b-demo,True,container_escape,benign,train
2026-08-12T03:00:00+00:00,evt-containe-0036,user-04,job-00,ctr-00,GPU-DEMO-0001,tritonserver,54.961,66.955,212.971,0.481,model-registry.internal,True,False,False,True,sentinel-7b-demo,True,container_escape,benign,train
2026-08-12T03:05:00+00:00,evt-containe-0037,user-05,job-01,ctr-01,GPU-DEMO-0002,python-train,69.634,63.892,238.22,0.141,model-registry.internal,True,False,False,True,sentinel-7b-demo,True,container_escape,benign,train
2026-08-12T03:10:00+00:00,evt-containe-0038,user-06,job-02,ctr-02,GPU-DEMO-0003,python-train,77.617,65.622,253.404,0.466,model-registry.internal,True,False,False,True,sentinel-7b-demo,True,container_escape,benign,test
2026-08-12T03:15:00+00:00,evt-containe-0039,user-07,job-03,ctr-03,GPU-DEMO-0001,tritonserver,63.802,71.6,219.969,0.125,model-registry.internal,True,False,False,True,sentinel-7b-demo,True,container_escape,benign,train
2026-08-12T03:20:00+00:00,evt-containe-0040,user-00,job-04,ctr-04,GPU-DEMO-0002,python-train,68.027,66.9,234.813,0.597,model-registry.internal,True,False,False,True,sentinel-7b-demo,True,container_escape,benign,train
2026-08-12T03:25:00+00:00,evt-containe-0041,user-01,job-05,ctr-05,GPU-DEMO-0003,python-train,61.28,68.305,224.992,0.343,model-registry.internal,True,False,False,True,sentinel-7b-demo,True,container_escape,benign,train
2026-08-12T03:30:00+00:00,evt-containe-0042,user-02,job-06,ctr-06,GPU-DEMO-0001,tritonserver,72.403,68.311,211.641,0.239,model-registry.internal,True,False,False,True,sentinel-7b-demo,True,container_escape,benign,train
2026-08-12T03:35:00+00:00,evt-containe-0043,user-03,job-07,ctr-07,GPU-DEMO-0002,python-train,57.281,75.543,238.027,0.185,model-registry.internal,True,False,False,True,sentinel-7b-demo,True,container_escape,benign,train
2026-08-12T03:40:00+00:00,evt-containe-0044,user-04,job-08,ctr-08,GPU-DEMO-0003,python-train,56.265,87.314,264.17,0.107,model-registry.internal,True,False,False,True,sentinel-7b-demo,True,container_escape,benign,test
2026-08-12T03:45:00+00:00,evt-containe-0045,user-05,job-09,ctr-09,GPU-DEMO-0001,tritonserver,58.245,71.026,256.091,0.445,model-registry.internal,True,False,False,True,sentinel-7b-demo,True,container_escape,benign,train
2026-08-12T03:50:00+00:00,evt-containe-0046,user-06,job-10,ctr-10,GPU-DEMO-0002,python-train,40.606,60.776,248.718,0.51,model-registry.internal,True,False,False,True,sentinel-7b-demo,True,container_escape,benign,train
2026-08-12T03:55:00+00:00,evt-containe-0047,user-07,job-11,ctr-11,GPU-DEMO-0003,python-train,60.483,75.553,270.636,0.424,model-registry.internal,True,False,False,True,sentinel-7b-demo,True,container_escape,benign,train
2026-08-12T04:00:00+00:00,evt-containe-0048,user-00,job-00,ctr-00,GPU-DEMO-0001,tritonserver,71.099,71.757,238.522,0.303,model-registry.internal,True,False,False,True,sentinel-7b-demo,True,container_escape,benign,train
2026-08-12T04:05:00+00:00,evt-containe-0049,user-01,job-01,ctr-01,GPU-DEMO-0002,python-train,64.669,68.991,251.662,0.344,model-registry.internal,True,False,False,True,sentinel-7b-demo,True,container_escape,benign,train
2026-08-12T04:10:00+00:00,evt-containe-0050,user-02,job-02,ctr-02,GPU-DEMO-0003,python-train,85.254,74.824,238.974,0.09,model-registry.internal,True,False,False,True,sentinel-7b-demo,True,container_escape,benign,test
2026-08-12T04:15:00+00:00,evt-containe-0051,user-03,job-03,ctr-03,GPU-DEMO-0001,tritonserver,71.071,71.939,218.623,0.419,model-registry.internal,True,False,False,True,sentinel-7b-demo,True,container_escape,benign,train
2026-08-12T04:20:00+00:00,evt-containe-0052,user-04,job-04,ctr-04,GPU-DEMO-0002,python-train,76.84,79.073,205.701,0.22,model-registry.internal,True,False,False,True,sentinel-7b-demo,True,container_escape,benign,train
2026-08-12T04:25:00+00:00,evt-containe-0053,user-05,job-05,ctr-05,GPU-DEMO-0003,python-train,57.225,66.127,266.345,0.281,model-registry.internal,True,False,False,True,sentinel-7b-demo,True,container_escape,benign,train
2026-08-12T04:30:00+00:00,evt-containe-0054,user-06,job-06,ctr-06,GPU-DEMO-0001,tritonserver,66.373,85.831,246.854,0.147,model-registry.internal,True,False,False,True,sentinel-7b-demo,True,container_escape,benign,train
2026-08-12T04:35:00+00:00,evt-containe-0055,user-07,job-07,ctr-07,GPU-DEMO-0002,python-train,90.595,74.728,207.588,0.323,model-registry.internal,True,False,False,True,sentinel-7b-demo,True,container_escape,benign,train
2026-08-12T04:40:00+00:00,evt-containe-0056,user-00,job-08,ctr-08,GPU-DEMO-0003,python-train,77.094,71.759,281.362,0.224,model-registry.internal,True,False,False,True,sentinel-7b-demo,True,container_escape,benign,test
2026-08-12T04:45:00+00:00,evt-containe-0057,user-01,job-09,ctr-09,GPU-DEMO-0001,tritonserver,53.085,71.664,248.086,1.199,model-registry.internal,True,False,False,True,sentinel-7b-demo,True,container_escape,benign,train
2026-08-12T04:50:00+00:00,evt-containe-0058,user-02,job-10,ctr-10,GPU-DEMO-0002,python-train,61.849,59.207,182.338,0.161,model-registry.internal,True,False,False,True,sentinel-7b-demo,True,container_escape,benign,train
2026-08-12T04:55:00+00:00,evt-containe-0059,user-03,job-11,ctr-11,GPU-DEMO-0003,python-train,68.358,78.542,238.09,0.507,model-registry.internal,True,False,False,True,sentinel-7b-demo,True,container_escape,benign,train
2026-08-12T05:00:00+00:00,evt-containe-0060,user-04,job-00,ctr-00,GPU-DEMO-0001,tritonserver,65.687,87.381,224.401,0.129,model-registry.internal,True,False,False,True,sentinel-7b-demo,True,container_escape,benign,train
2026-08-12T05:05:00+00:00,evt-containe-0061,user-05,job-01,ctr-01,GPU-DEMO-0002,python-train,49.968,72.262,202.736,0.21,model-registry.internal,True,False,False,True,sentinel-7b-demo,True,container_escape,benign,train
2026-08-12T05:10:00+00:00,evt-containe-0062,user-06,job-02,ctr-02,GPU-DEMO-0003,python-train,77.945,68.031,279.718,0.185,model-registry.internal,True,False,False,True,sentinel-7b-demo,True,container_escape,benign,test
2026-08-12T05:15:00+00:00,evt-containe-0063,user-07,job-03,ctr-03,GPU-DEMO-0001,tritonserver,48.226,83.204,226.084,1.127,model-registry.internal,True,False,False,True,sentinel-7b-demo,True,container_escape,benign,train
2026-08-12T05:20:00+00:00,evt-containe-0064,user-00,job-04,ctr-04,GPU-DEMO-0002,python-train,73.591,75.913,232.203,0.313,model-registry.internal,True,False,False,True,sentinel-7b-demo,True,container_escape,benign,train
2026-08-12T05:25:00+00:00,evt-containe-0065,user-01,job-05,ctr-05,GPU-DEMO-0003,python-train,58.531,73.316,260.919,0.139,model-registry.internal,True,False,False,True,sentinel-7b-demo,True,container_escape,benign,train
2026-08-12T05:30:00+00:00,evt-containe-0066,user-02,job-06,ctr-06,GPU-DEMO-0001,tritonserver,71.78,71.508,245.232,0.643,model-registry.internal,True,False,False,True,sentinel-7b-demo,True,container_escape,benign,train
2026-08-12T05:35:00+00:00,evt-containe-0067,user-03,job-07,ctr-07,GPU-DEMO-0002,python-train,64.019,80.073,214.639,0.249,model-registry.internal,True,False,False,True,sentinel-7b-demo,True,container_escape,benign,train
2026-08-12T05:40:00+00:00,evt-containe-0068,user-04,job-08,ctr-08,GPU-DEMO-0003,python-train,72.134,66.385,213.178,0.255,model-registry.internal,True,False,False,True,sentinel-7b-demo,True,container_escape,benign,test
2026-08-12T05:45:00+00:00,evt-containe-0069,user-05,job-09,ctr-09,GPU-DEMO-0001,tritonserver,69.349,64.71,197.596,0.148,model-registry.internal,True,False,False,True,sentinel-7b-demo,True,container_escape,benign,train
2026-08-12T05:50:00+00:00,evt-containe-0070,user-06,job-10,ctr-10,GPU-DEMO-0002,python-train,65.862,72.563,205.502,0.409,model-registry.internal,True,False,False,True,sentinel-7b-demo,True,container_escape,benign,train
2026-08-12T05:55:00+00:00,evt-containe-0071,user-07,job-11,ctr-11,GPU-DEMO-0003,python-train,76.449,59.227,207.516,0.558,model-registry.internal,True,False,False,True,sentinel-7b-demo,True,container_escape,benign,train
2026-08-12T06:00:00+00:00,evt-containe-0072,user-00,job-00,ctr-00,GPU-DEMO-0001,tritonserver,70.828,68.981,263.336,0.192,model-registry.internal,True,False,False,True,sentinel-7b-demo,True,container_escape,benign,train
2026-08-12T06:05:00+00:00,evt-containe-0073,user-01,job-01,ctr-01,GPU-DEMO-0002,python-train,86.555,62.311,246.344,0.187,model-registry.internal,True,False,False,True,sentinel-7b-demo,True,container_escape,benign,train
2026-08-12T06:10:00+00:00,evt-containe-0074,user-02,job-02,ctr-02,GPU-DEMO-0003,python-train,72.731,79.312,289.715,0.226,model-registry.internal,True,False,False,True,sentinel-7b-demo,True,container_escape,benign,test
2026-08-12T06:15:00+00:00,evt-containe-0075,user-03,job-03,ctr-03,GPU-DEMO-0001,tritonserver,71.681,68.516,237.318,0.325,model-registry.internal,True,False,False,True,sentinel-7b-demo,True,container_escape,benign,train
2026-08-12T06:20:00+00:00,evt-containe-0076,user-04,job-04,ctr-04,GPU-DEMO-0002,python-train,89.027,72.4,205.468,0.446,model-registry.internal,True,False,False,True,sentinel-7b-demo,True,container_escape,benign,train
2026-08-12T06:25:00+00:00,evt-containe-0077,user-05,job-05,ctr-05,GPU-DEMO-0003,python-train,73.545,75.334,220.336,0.36,model-registry.internal,True,False,False,True,sentinel-7b-demo,True,container_escape,benign,train
2026-08-12T06:30:00+00:00,evt-containe-0078,user-06,job-06,ctr-06,GPU-DEMO-0001,tritonserver,65.467,71.971,290.95,0.324,model-registry.internal,True,False,False,True,sentinel-7b-demo,True,container_escape,benign,train
2026-08-12T06:35:00+00:00,evt-containe-0079,user-07,job-07,ctr-07,GPU-DEMO-0002,python-train,81.925,74.595,229.418,0.347,model-registry.internal,True,False,False,True,sentinel-7b-demo,True,container_escape,benign,train
2026-08-12T06:40:00+00:00,evt-containe-0080,user-00,job-08,ctr-08,GPU-DEMO-0003,python-train,81.622,58.496,217.559,1.332,model-registry.internal,True,False,False,True,sentinel-7b-demo,True,container_escape,benign,test
2026-08-12T06:45:00+00:00,evt-containe-0081,user-01,job-09,ctr-09,GPU-DEMO-0001,tritonserver,75.546,73.968,263.151,0.394,model-registry.internal,True,False,False,True,sentinel-7b-demo,True,container_escape,benign,train
2026-08-12T06:50:00+00:00,evt-containe-0082,user-02,job-10,ctr-10,GPU-DEMO-0002,python-train,75.862,88.945,230.59,0.211,model-registry.internal,True,False,False,True,sentinel-7b-demo,True,container_escape,benign,train
2026-08-12T06:55:00+00:00,evt-containe-0083,user-03,job-11,ctr-11,GPU-DEMO-0003,python-train,70.62,87.618,290.288,0.683,model-registry.internal,True,False,False,True,sentinel-7b-demo,True,container_escape,benign,train
2026-08-12T07:00:00+00:00,evt-containe-0084,user-04,job-00,ctr-00,GPU-DEMO-0001,tritonserver,89.359,74.052,201.878,0.159,model-registry.internal,True,False,False,True,sentinel-7b-demo,True,container_escape,benign,train
2026-08-12T07:05:00+00:00,evt-containe-0085,user-05,job-01,ctr-01,GPU-DEMO-0002,python-train,66.168,63.239,251.755,0.977,model-registry.internal,True,False,False,True,sentinel-7b-demo,True,container_escape,benign,train
2026-08-12T07:10:00+00:00,evt-containe-0086,user-06,job-02,ctr-02,GPU-DEMO-0003,python-train,79.291,76.37,186.644,0.565,model-registry.internal,True,False,False,True,sentinel-7b-demo,True,container_escape,benign,test
2026-08-12T07:15:00+00:00,evt-containe-0087,user-07,job-03,ctr-03,GPU-DEMO-0001,tritonserver,55.45,68.636,287.694,0.328,model-registry.internal,True,False,False,True,sentinel-7b-demo,True,container_escape,benign,train
2026-08-12T07:20:00+00:00,evt-containe-0088,user-00,job-04,ctr-04,GPU-DEMO-0002,python-train,58.802,59.334,205.607,0.178,model-registry.internal,True,False,False,True,sentinel-7b-demo,True,container_escape,benign,train
2026-08-12T07:25:00+00:00,evt-containe-0089,user-01,job-05,ctr-05,GPU-DEMO-0003,python-train,47.129,76.489,260.214,0.536,model-registry.internal,True,False,False,True,sentinel-7b-demo,True,container_escape,benign,train
2026-08-12T07:30:00+00:00,evt-containe-0090,user-02,job-06,ctr-06,GPU-DEMO-0001,tritonserver,60.639,67.419,248.081,0.174,model-registry.internal,True,False,False,True,sentinel-7b-demo,True,container_escape,benign,train
2026-08-12T07:35:00+00:00,evt-containe-0091,user-03,job-07,ctr-07,GPU-DEMO-0002,python-train,67.435,80.755,185.156,0.091,model-registry.internal,True,False,False,True,sentinel-7b-demo,True,container_escape,benign,train
2026-08-12T07:40:00+00:00,evt-containe-0092,user-04,job-08,ctr-08,GPU-DEMO-0003,python-train,55.678,64.271,259.533,0.197,model-registry.internal,True,False,False,True,sentinel-7b-demo,True,container_escape,benign,test
2026-08-12T07:45:00+00:00,evt-containe-0093,user-05,job-09,ctr-09,GPU-DEMO-0001,tritonserver,74.675,71.856,267.843,0.257,model-registry.internal,True,False,False,True,sentinel-7b-demo,True,container_escape,benign,train
2026-08-12T07:50:00+00:00,evt-containe-0094,user-06,job-10,ctr-10,GPU-DEMO-0002,python-train,75.547,69.959,248.108,0.532,model-registry.internal,True,False,False,True,sentinel-7b-demo,True,container_escape,benign,train
2026-08-12T07:55:00+00:00,evt-containe-0095,user-07,job-11,ctr-11,GPU-DEMO-0003,python-train,76.814,77.684,248.595,0.548,model-registry.internal,True,False,False,True,sentinel-7b-demo,True,container_escape,benign,train
2026-08-12T08:00:00+00:00,evt-containe-0096,user-00,job-00,ctr-00,GPU-DEMO-0001,tritonserver,67.101,76.03,248.741,0.374,model-registry.internal,True,False,False,True,sentinel-7b-demo,True,container_escape,benign,train
2026-08-12T08:05:00+00:00,evt-containe-0097,user-01,job-01,ctr-01,GPU-DEMO-0002,python-train,65.477,87.687,264.478,0.083,model-registry.internal,True,False,False,True,sentinel-7b-demo,True,container_escape,benign,train
2026-08-12T08:10:00+00:00,evt-containe-0098,user-02,job-02,ctr-02,GPU-DEMO-0003,python-train,71.524,69.86,253.431,0.389,model-registry.internal,True,False,False,True,sentinel-7b-demo,True,container_escape,benign,test
2026-08-12T08:15:00+00:00,evt-containe-0099,user-03,job-03,ctr-03,GPU-DEMO-0001,tritonserver,69.818,65.203,287.004,0.192,model-registry.internal,True,False,False,True,sentinel-7b-demo,True,container_escape,benign,train
2026-08-12T08:20:00+00:00,evt-containe-0100,user-04,job-04,ctr-04,GPU-DEMO-0002,python-train,55.613,70.494,252.188,0.648,model-registry.internal,True,False,False,True,sentinel-7b-demo,True,container_escape,benign,train
2026-08-12T08:25:00+00:00,evt-containe-0101,user-05,job-05,ctr-05,GPU-DEMO-0003,python-train,70.173,75.879,281.778,0.275,model-registry.internal,True,False,False,True,sentinel-7b-demo,True,container_escape,benign,train
2026-08-12T08:30:00+00:00,evt-containe-0102,user-06,job-06,ctr-06,GPU-DEMO-0001,tritonserver,73.266,64.936,255.823,0.598,model-registry.internal,True,False,False,True,sentinel-7b-demo,True,container_escape,benign,train
2026-08-12T08:35:00+00:00,evt-containe-0103,user-07,job-07,ctr-07,GPU-DEMO-0002,python-train,45.854,76.397,209.908,0.572,model-registry.internal,True,False,False,True,sentinel-7b-demo,True,container_escape,benign,train
2026-08-12T08:40:00+00:00,evt-containe-0104,user-00,job-08,ctr-08,GPU-DEMO-0003,python-train,66.32,76.105,238.12,0.199,model-registry.internal,True,False,False,True,sentinel-7b-demo,True,container_escape,benign,test
2026-08-12T08:45:00+00:00,evt-containe-0105,user-01,job-09,ctr-09,GPU-DEMO-0001,tritonserver,48.948,79.004,253.137,0.255,model-registry.internal,True,False,False,True,sentinel-7b-demo,True,container_escape,benign,train
2026-08-12T08:50:00+00:00,evt-containe-0106,user-02,job-10,ctr-10,GPU-DEMO-0002,python-train,63.246,73.383,207.921,1.095,model-registry.internal,True,False,False,True,sentinel-7b-demo,True,container_escape,benign,train
2026-08-12T08:55:00+00:00,evt-containe-0107,user-03,job-11,ctr-11,GPU-DEMO-0003,python-train,65.691,72.52,222.956,0.333,model-registry.internal,True,False,False,True,sentinel-7b-demo,True,container_escape,benign,train
2026-08-12T09:00:00+00:00,evt-containe-0108,user-04,job-00,ctr-00,GPU-DEMO-0001,tritonserver,55.208,89.677,225.723,0.222,model-registry.internal,True,False,False,True,sentinel-7b-demo,True,container_escape,benign,train
2026-08-12T09:05:00+00:00,evt-containe-0109,user-05,job-01,ctr-01,GPU-DEMO-0002,python-train,64.259,84.929,249.395,0.394,model-registry.internal,True,False,False,True,sentinel-7b-demo,True,container_escape,benign,train
2026-08-12T09:10:00+00:00,evt-containe-0110,user-06,job-02,ctr-02,GPU-DEMO-0003,python-train,62.16,70.748,254.719,0.283,model-registry.internal,True,False,False,True,sentinel-7b-demo,True,container_escape,benign,test
2026-08-12T09:15:00+00:00,evt-containe-0111,user-07,job-03,ctr-03,GPU-DEMO-0001,tritonserver,59.829,68.611,283.181,0.346,model-registry.internal,True,False,False,True,sentinel-7b-demo,True,container_escape,benign,train
2026-08-12T09:20:00+00:00,evt-containe-0112,user-00,job-04,ctr-04,GPU-DEMO-0002,python-train,58.972,70.092,221.094,0.092,model-registry.internal,True,False,False,True,sentinel-7b-demo,True,container_escape,benign,train
2026-08-12T09:25:00+00:00,evt-containe-0113,user-01,job-05,ctr-05,GPU-DEMO-0003,python-train,71.039,67.364,231.602,0.165,model-registry.internal,True,False,False,True,sentinel-7b-demo,True,container_escape,benign,train
2026-08-12T09:30:00+00:00,evt-containe-0114,user-02,job-06,ctr-06,GPU-DEMO-0001,tritonserver,62.633,70.398,212.481,0.521,model-registry.internal,True,False,False,True,sentinel-7b-demo,True,container_escape,benign,train
2026-08-12T09:35:00+00:00,evt-containe-0115,user-03,job-07,ctr-07,GPU-DEMO-0002,python-train,73.322,78.58,234.219,0.539,model-registry.internal,True,False,False,True,sentinel-7b-demo,True,container_escape,benign,train
2026-08-12T09:40:00+00:00,evt-containe-0116,user-04,job-08,ctr-08,GPU-DEMO-0003,python-train,72.071,85.568,232.348,0.248,model-registry.internal,True,False,False,True,sentinel-7b-demo,True,container_escape,benign,test
2026-08-12T09:45:00+00:00,evt-containe-0117,user-05,job-09,ctr-09,GPU-DEMO-0001,tritonserver,59.988,74.373,209.43,0.264,model-registry.internal,True,False,False,True,sentinel-7b-demo,True,container_escape,benign,train
2026-08-12T09:50:00+00:00,evt-containe-0118,user-06,job-10,ctr-10,GPU-DEMO-0002,python-train,69.484,72.451,159.59,0.12,model-registry.internal,True,False,False,True,sentinel-7b-demo,True,container_escape,benign,train
2026-08-12T09:55:00+00:00,evt-containe-0119,user-07,job-11,ctr-11,GPU-DEMO-0003,python-train,85.73,66.183,269.041,0.256,model-registry.internal,True,False,False,True,sentinel-7b-demo,True,container_escape,benign,train
2026-08-12T10:00:00+00:00,evt-containe-0120,user-00,job-00,ctr-00,GPU-DEMO-0001,tritonserver,55.089,61.553,228.702,0.144,model-registry.internal,True,False,False,True,sentinel-7b-demo,True,container_escape,benign,train
2026-08-12T10:05:00+00:00,evt-containe-0121,user-01,job-01,ctr-01,GPU-DEMO-0002,python-train,71.38,71.289,340.739,0.207,model-registry.internal,True,False,False,True,sentinel-7b-demo,True,container_escape,benign,train
2026-08-12T10:10:00+00:00,evt-containe-0122,user-02,job-02,ctr-02,GPU-DEMO-0003,python-train,77.956,81.194,227.053,0.832,model-registry.internal,True,False,False,True,sentinel-7b-demo,True,container_escape,benign,test
2026-08-12T10:15:00+00:00,evt-containe-0123,user-03,job-03,ctr-03,GPU-DEMO-0001,tritonserver,64.787,83.979,233.988,0.364,model-registry.internal,True,False,False,True,sentinel-7b-demo,True,container_escape,benign,train
2026-08-12T10:20:00+00:00,evt-containe-0124,user-04,job-04,ctr-04,GPU-DEMO-0002,python-train,59.255,90.172,251.278,0.428,model-registry.internal,True,False,False,True,sentinel-7b-demo,True,container_escape,benign,train
2026-08-12T10:25:00+00:00,evt-containe-0125,user-05,job-05,ctr-05,GPU-DEMO-0003,python-train,67.311,75.543,273.825,0.308,model-registry.internal,True,False,False,True,sentinel-7b-demo,True,container_escape,benign,train
2026-08-12T10:30:00+00:00,evt-containe-0126,user-06,job-06,ctr-06,GPU-DEMO-0001,tritonserver,69.356,69.799,253.07,0.467,model-registry.internal,True,False,False,True,sentinel-7b-demo,True,container_escape,benign,train
2026-08-12T10:35:00+00:00,evt-containe-0127,user-07,job-07,ctr-07,GPU-DEMO-0002,python-train,69.121,74.983,229.17,0.242,model-registry.internal,True,False,False,True,sentinel-7b-demo,True,container_escape,benign,train
2026-08-12T10:40:00+00:00,evt-containe-0128,user-00,job-08,ctr-08,GPU-DEMO-0003,python-train,71.708,68.423,265.436,0.539,model-registry.internal,True,False,False,True,sentinel-7b-demo,True,container_escape,benign,test
2026-08-12T10:45:00+00:00,evt-containe-0129,user-01,job-09,ctr-09,GPU-DEMO-0001,tritonserver,65.031,68.457,205.311,0.262,model-registry.internal,True,False,False,True,sentinel-7b-demo,True,container_escape,benign,train
2026-08-12T10:50:00+00:00,evt-containe-0130,user-02,job-10,ctr-10,GPU-DEMO-0002,python-train,47.129,82.948,251.165,0.57,model-registry.internal,True,False,False,True,sentinel-7b-demo,True,container_escape,benign,train
2026-08-12T10:55:00+00:00,evt-containe-0131,user-03,job-11,ctr-11,GPU-DEMO-0003,python-train,72.902,78.529,230.537,0.245,model-registry.internal,True,False,False,True,sentinel-7b-demo,True,container_escape,benign,train
2026-08-12T11:00:00+00:00,evt-containe-0132,user-04,job-00,ctr-00,GPU-DEMO-0001,tritonserver,93.999,64.39,254.371,0.353,model-registry.internal,True,False,False,True,sentinel-7b-demo,True,container_escape,benign,train
2026-08-12T11:05:00+00:00,evt-containe-0133,user-05,job-01,ctr-01,GPU-DEMO-0002,python-train,83.203,80.062,211.089,0.284,model-registry.internal,True,False,False,True,sentinel-7b-demo,True,container_escape,benign,train
2026-08-12T11:10:00+00:00,evt-containe-0134,user-06,job-02,ctr-02,GPU-DEMO-0003,python-train,82.856,73.671,221.284,0.177,model-registry.internal,True,False,False,True,sentinel-7b-demo,True,container_escape,benign,test
2026-08-12T11:15:00+00:00,evt-containe-0135,user-07,job-03,ctr-03,GPU-DEMO-0001,tritonserver,61.383,71.443,269.042,0.353,model-registry.internal,True,False,False,True,sentinel-7b-demo,True,container_escape,benign,train
2026-08-12T11:20:00+00:00,evt-containe-0136,user-00,job-04,ctr-04,GPU-DEMO-0002,python-train,64.673,70.526,256.927,0.517,model-registry.internal,True,False,False,True,sentinel-7b-demo,True,container_escape,benign,train
2026-08-12T11:25:00+00:00,evt-containe-0137,user-01,job-05,ctr-05,GPU-DEMO-0003,python-train,59.121,51.963,207.043,0.2,model-registry.internal,True,False,False,True,sentinel-7b-demo,True,container_escape,benign,train
2026-08-12T11:30:00+00:00,evt-containe-0138,user-02,job-06,ctr-06,GPU-DEMO-0001,tritonserver,65.538,70.05,253.933,0.159,model-registry.internal,True,False,False,True,sentinel-7b-demo,True,container_escape,benign,train
2026-08-12T11:35:00+00:00,evt-containe-0139,user-03,job-07,ctr-07,GPU-DEMO-0002,python-train,72.417,72.106,257.787,0.233,model-registry.internal,True,False,False,True,sentinel-7b-demo,True,container_escape,benign,train
2026-08-12T11:40:00+00:00,evt-containe-0140,user-04,job-08,ctr-08,GPU-DEMO-0003,python-train,72.605,80.602,262.082,0.594,model-registry.internal,True,False,False,True,sentinel-7b-demo,True,container_escape,benign,test
2026-08-12T11:45:00+00:00,evt-containe-0141,user-05,job-09,ctr-09,GPU-DEMO-0001,tritonserver,60.116,84.386,198.276,0.317,model-registry.internal,True,False,False,True,sentinel-7b-demo,True,container_escape,benign,train
2026-08-12T11:50:00+00:00,evt-containe-0142,user-06,job-10,ctr-10,GPU-DEMO-0002,python-train,56.755,80.8,262.031,0.35,model-registry.internal,True,False,False,True,sentinel-7b-demo,True,container_escape,benign,train
2026-08-12T11:55:00+00:00,evt-containe-0143,user-07,job-11,ctr-11,GPU-DEMO-0003,python-train,69.194,70.768,254.423,0.242,model-registry.internal,True,False,False,True,sentinel-7b-demo,True,container_escape,benign,train
2026-08-12T12:00:00+00:00,evt-containe-0144,user-00,job-00,ctr-00,GPU-DEMO-0001,tritonserver,47.922,94.011,215.663,0.892,model-registry.internal,True,False,False,True,sentinel-7b-demo,True,container_escape,benign,train
2026-08-12T12:05:00+00:00,evt-containe-0145,user-01,job-01,ctr-01,GPU-DEMO-0002,python-train,62.22,62.858,237.16,0.167,model-registry.internal,True,False,False,True,sentinel-7b-demo,True,container_escape,benign,train
2026-08-12T12:10:00+00:00,evt-containe-0146,user-02,job-02,ctr-02,GPU-DEMO-0003,python-train,62.876,82.558,238.731,0.165,model-registry.internal,True,False,False,True,sentinel-7b-demo,True,container_escape,benign,test
2026-08-12T12:15:00+00:00,evt-containe-0147,user-03,job-03,ctr-03,GPU-DEMO-0001,tritonserver,57.5,82.897,234.98,0.204,model-registry.internal,True,False,False,True,sentinel-7b-demo,True,container_escape,benign,train
2026-08-12T12:20:00+00:00,evt-containe-0148,user-04,job-04,ctr-04,GPU-DEMO-0002,python-train,62.814,67.842,254.584,0.254,model-registry.internal,True,False,False,True,sentinel-7b-demo,True,container_escape,benign,train
2026-08-12T12:25:00+00:00,evt-containe-0149,user-05,job-05,ctr-05,GPU-DEMO-0003,python-train,67.023,81.868,236.468,0.15,model-registry.internal,True,False,False,True,sentinel-7b-demo,True,container_escape,benign,train
2026-08-12T12:30:00+00:00,evt-containe-0150,user-06,job-06,ctr-06,GPU-DEMO-0001,tritonserver,68.741,88.153,227.865,0.161,model-registry.internal,True,False,False,True,sentinel-7b-demo,True,container_escape,benign,train
2026-08-12T12:35:00+00:00,evt-containe-0151,user-07,job-07,ctr-07,GPU-DEMO-0002,python-train,83.299,78.744,258.619,0.316,model-registry.internal,True,False,False,True,sentinel-7b-demo,True,container_escape,benign,train
2026-08-12T12:40:00+00:00,evt-containe-0152,user-00,job-08,ctr-08,GPU-DEMO-0003,python-train,72.413,80.433,280.806,0.414,model-registry.internal,True,False,False,True,sentinel-7b-demo,True,container_escape,benign,test
2026-08-12T12:45:00+00:00,evt-containe-0153,user-01,job-09,ctr-09,GPU-DEMO-0001,tritonserver,62.299,81.766,238.05,0.454,model-registry.internal,True,False,False,True,sentinel-7b-demo,True,container_escape,benign,train
2026-08-12T12:50:00+00:00,evt-containe-0154,user-02,job-10,ctr-10,GPU-DEMO-0002,python-train,63.523,75.63,238.859,0.164,model-registry.internal,True,False,False,True,sentinel-7b-demo,True,container_escape,benign,train
2026-08-12T12:55:00+00:00,evt-containe-0155,user-03,job-11,ctr-11,GPU-DEMO-0003,python-train,59.441,74.038,225.361,0.246,model-registry.internal,True,False,False,True,sentinel-7b-demo,True,container_escape,benign,train
2026-08-12T13:00:00+00:00,evt-containe-0156,user-04,job-00,ctr-00,GPU-DEMO-0001,tritonserver,69.125,69.554,227.934,0.267,model-registry.internal,True,False,False,True,sentinel-7b-demo,True,container_escape,benign,train
2026-08-12T13:05:00+00:00,evt-containe-0157,user-05,job-01,ctr-01,GPU-DEMO-0002,python-train,72.162,80.359,282.103,0.423,model-registry.internal,True,False,False,True,sentinel-7b-demo,True,container_escape,benign,train
2026-08-12T13:10:00+00:00,evt-containe-0158,user-06,job-02,ctr-02,GPU-DEMO-0003,nsenter-demo,31.102,15.782,143.588,0.286,host-kernel,False,True,True,False,none,True,container_escape,container_escape,test
2026-08-12T13:15:00+00:00,evt-containe-0159,user-07,job-03,ctr-03,GPU-DEMO-0001,nsenter-demo,38.519,21.456,124.959,0.215,host-kernel,False,True,True,False,none,True,container_escape,container_escape,train
2026-08-12T13:20:00+00:00,evt-containe-0160,user-00,job-04,ctr-04,GPU-DEMO-0002,debug-helper,66.978,60.227,197.355,0.343,host-kernel,True,False,False,False,none,True,container_escape,container_escape,test
2026-08-12T13:25:00+00:00,evt-containe-0161,user-01,job-05,ctr-05,GPU-DEMO-0003,nsenter-demo,43.249,18.485,124.971,0.828,host-kernel,False,True,True,False,none,True,container_escape,container_escape,train
2026-08-12T13:30:00+00:00,evt-containe-0162,user-02,job-06,ctr-06,GPU-DEMO-0001,nsenter-demo,26.067,17.335,117.278,0.208,host-kernel,False,True,True,False,none,True,container_escape,container_escape,train
2026-08-12T13:35:00+00:00,evt-containe-0163,user-03,job-07,ctr-07,GPU-DEMO-0002,nsenter-demo,30.361,29.057,112.429,0.45,host-kernel,False,True,True,False,none,True,container_escape,container_escape,train
2026-08-12T13:40:00+00:00,evt-containe-0164,user-04,job-08,ctr-08,GPU-DEMO-0003,debug-helper,69.885,56.24,241.089,0.944,host-kernel,True,False,False,False,none,True,container_escape,container_escape,test
2026-08-12T13:45:00+00:00,evt-containe-0165,user-05,job-09,ctr-09,GPU-DEMO-0001,nsenter-demo,41.497,33.145,137.002,0.82,host-kernel,False,True,True,False,none,True,container_escape,container_escape,train
2026-08-12T13:50:00+00:00,evt-containe-0166,user-06,job-10,ctr-10,GPU-DEMO-0002,nsenter-demo,31.691,21.636,126.551,0.813,host-kernel,False,True,True,False,none,True,container_escape,container_escape,train
2026-08-12T13:55:00+00:00,evt-containe-0167,user-07,job-11,ctr-11,GPU-DEMO-0003,nsenter-demo,39.734,31.456,127.407,0.857,host-kernel,False,True,True,False,none,True,container_escape,container_escape,train
2026-08-12T14:00:00+00:00,evt-containe-0168,user-00,job-00,ctr-00,GPU-DEMO-0001,debug-helper,59.82,75.505,218.64,0.793,host-kernel,True,False,False,False,none,True,container_escape,container_escape,test
2026-08-12T14:05:00+00:00,evt-containe-0169,user-01,job-01,ctr-01,GPU-DEMO-0002,nsenter-demo,20.257,17.342,137.882,0.228,host-kernel,False,True,True,False,none,True,container_escape,container_escape,train
2026-08-12T14:10:00+00:00,evt-containe-0170,user-02,job-02,ctr-02,GPU-DEMO-0003,nsenter-demo,35.699,22.006,131.802,0.719,host-kernel,False,True,True,False,none,True,container_escape,container_escape,test
2026-08-12T14:15:00+00:00,evt-containe-0171,user-03,job-03,ctr-03,GPU-DEMO-0001,nsenter-demo,28.857,0.144,144.78,0.968,host-kernel,False,True,True,False,none,True,container_escape,container_escape,train
2026-08-12T14:20:00+00:00,evt-containe-0172,user-04,job-04,ctr-04,GPU-DEMO-0002,debug-helper,61.555,79.122,222.906,0.178,host-kernel,True,False,False,False,none,True,container_escape,container_escape,train
2026-08-12T14:25:00+00:00,evt-containe-0173,user-05,job-05,ctr-05,GPU-DEMO-0003,nsenter-demo,30.801,28.109,125.438,0.685,host-kernel,False,True,True,False,none,True,container_escape,container_escape,train
2026-08-12T14:30:00+00:00,evt-containe-0174,user-06,job-06,ctr-06,GPU-DEMO-0001,nsenter-demo,20.454,23.199,140.134,0.692,host-kernel,False,True,True,False,none,True,container_escape,container_escape,train
2026-08-12T14:35:00+00:00,evt-containe-0175,user-07,job-07,ctr-07,GPU-DEMO-0002,nsenter-demo,29.878,25.753,123.927,0.848,host-kernel,False,True,True,False,none,True,container_escape,container_escape,train
2026-08-12T14:40:00+00:00,evt-containe-0176,user-00,job-08,ctr-08,GPU-DEMO-0003,debug-helper,57.685,76.06,198.923,0.914,host-kernel,True,False,False,False,none,True,container_escape,container_escape,test
2026-08-12T14:45:00+00:00,evt-containe-0177,user-01,job-09,ctr-09,GPU-DEMO-0001,nsenter-demo,28.471,41.327,119.88,0.504,host-kernel,False,True,True,False,none,True,container_escape,container_escape,train
2026-08-12T14:50:00+00:00,evt-containe-0178,user-02,job-10,ctr-10,GPU-DEMO-0002,nsenter-demo,29.343,27.716,156.929,0.635,host-kernel,False,True,True,False,none,True,container_escape,container_escape,train
2026-08-12T14:55:00+00:00,evt-containe-0179,user-03,job-11,ctr-11,GPU-DEMO-0003,nsenter-demo,37.316,27.007,113.806,0.502,host-kernel,False,True,True,False,none,True,container_escape,container_escape,train
2026-08-12T15:00:00+00:00,evt-containe-0180,user-04,job-00,ctr-00,GPU-DEMO-0001,debug-helper,64.331,64.843,219.124,0.429,host-kernel,True,False,False,False,none,True,container_escape,container_escape,train
2026-08-12T15:05:00+00:00,evt-containe-0181,user-05,job-01,ctr-01,GPU-DEMO-0002,nsenter-demo,35.935,32.714,126.468,0.567,host-kernel,False,True,True,False,none,True,container_escape,container_escape,train
2026-08-12T15:10:00+00:00,evt-containe-0182,user-06,job-02,ctr-02,GPU-DEMO-0003,nsenter-demo,26.521,14.939,136.155,0.182,host-kernel,False,True,True,False,none,True,container_escape,container_escape,test
2026-08-12T15:15:00+00:00,evt-containe-0183,user-07,job-03,ctr-03,GPU-DEMO-0001,nsenter-demo,31.725,26.882,146.721,0.294,host-kernel,False,True,True,False,none,True,container_escape,container_escape,train
2026-08-12T15:20:00+00:00,evt-containe-0184,user-00,job-04,ctr-04,GPU-DEMO-0002,debug-helper,67.07,86.621,229.811,0.795,host-kernel,True,False,False,False,none,True,container_escape,container_escape,test
2026-08-12T15:25:00+00:00,evt-containe-0185,user-01,job-05,ctr-05,GPU-DEMO-0003,nsenter-demo,31.972,24.806,151.917,0.894,host-kernel,False,True,True,False,none,True,container_escape,container_escape,train
2026-08-12T15:30:00+00:00,evt-containe-0186,user-02,job-06,ctr-06,GPU-DEMO-0001,nsenter-demo,31.23,27.939,130.252,0.507,host-kernel,False,True,True,False,none,True,container_escape,container_escape,train
2026-08-12T15:35:00+00:00,evt-containe-0187,user-03,job-07,ctr-07,GPU-DEMO-0002,nsenter-demo,28.436,19.438,123.254,0.396,host-kernel,False,True,True,False,none,True,container_escape,container_escape,train
2026-08-12T15:40:00+00:00,evt-containe-0188,user-04,job-08,ctr-08,GPU-DEMO-0003,debug-helper,65.764,66.357,254.392,0.903,host-kernel,True,False,False,False,none,True,container_escape,container_escape,test
2026-08-12T15:45:00+00:00,evt-containe-0189,user-05,job-09,ctr-09,GPU-DEMO-0001,nsenter-demo,29.823,22.08,136.851,0.48,host-kernel,False,True,True,False,none,True,container_escape,container_escape,train
2026-08-12T15:50:00+00:00,evt-containe-0190,user-06,job-10,ctr-10,GPU-DEMO-0002,nsenter-demo,28.148,21.539,126.68,0.488,host-kernel,False,True,True,False,none,True,container_escape,container_escape,train
2026-08-12T15:55:00+00:00,evt-containe-0191,user-07,job-11,ctr-11,GPU-DEMO-0003,nsenter-demo,30.488,11.783,126.523,0.197,host-kernel,False,True,True,False,none,True,container_escape,container_escape,train
2026-08-12T16:00:00+00:00,evt-containe-0192,user-00,job-00,ctr-00,GPU-DEMO-0001,debug-helper,60.727,61.215,243.109,0.355,host-kernel,True,False,False,False,none,True,container_escape,container_escape,test
2026-08-12T16:05:00+00:00,evt-containe-0193,user-01,job-01,ctr-01,GPU-DEMO-0002,nsenter-demo,27.959,23.052,130.501,0.145,host-kernel,False,True,True,False,none,True,container_escape,container_escape,train
2026-08-12T16:10:00+00:00,evt-containe-0194,user-02,job-02,ctr-02,GPU-DEMO-0003,nsenter-demo,19.738,31.223,133.988,0.726,host-kernel,False,True,True,False,none,True,container_escape,container_escape,test
2026-08-12T16:15:00+00:00,evt-containe-0195,user-03,job-03,ctr-03,GPU-DEMO-0001,nsenter-demo,38.167,15.381,124.09,0.954,host-kernel,False,True,True,False,none,True,container_escape,container_escape,train
2026-08-12T16:20:00+00:00,evt-containe-0196,user-04,job-04,ctr-04,GPU-DEMO-0002,debug-helper,71.091,73.499,230.078,0.725,host-kernel,True,False,False,False,none,True,container_escape,container_escape,train
2026-08-12T16:25:00+00:00,evt-containe-0197,user-05,job-05,ctr-05,GPU-DEMO-0003,nsenter-demo,29.196,24.012,166.327,0.993,host-kernel,False,True,True,False,none,True,container_escape,container_escape,train
2026-08-12T16:30:00+00:00,evt-containe-0198,user-06,job-06,ctr-06,GPU-DEMO-0001,nsenter-demo,32.463,16.507,140.189,0.931,host-kernel,False,True,True,False,none,True,container_escape,container_escape,train
2026-08-12T16:35:00+00:00,evt-containe-0199,user-07,job-07,ctr-07,GPU-DEMO-0002,nsenter-demo,26.115,30.614,103.056,0.292,host-kernel,False,True,True,False,none,True,container_escape,container_escape,train
2026-08-12T16:40:00+00:00,evt-containe-0200,user-00,job-08,ctr-08,GPU-DEMO-0003,debug-helper,63.907,77.208,229.946,0.372,host-kernel,True,False,False,False,none,True,container_escape,container_escape,test
2026-08-12T16:45:00+00:00,evt-containe-0201,user-01,job-09,ctr-09,GPU-DEMO-0001,nsenter-demo,36.816,13.993,137.483,0.555,host-kernel,False,True,True,False,none,True,container_escape,container_escape,train
2026-08-12T16:50:00+00:00,evt-containe-0202,user-02,job-10,ctr-10,GPU-DEMO-0002,nsenter-demo,33.818,25.612,116.696,0.356,host-kernel,False,True,True,False,none,True,container_escape,container_escape,train
2026-08-12T16:55:00+00:00,evt-containe-0203,user-03,job-11,ctr-11,GPU-DEMO-0003,nsenter-demo,26.155,21.253,134.432,0.346,host-kernel,False,True,True,False,none,True,container_escape,container_escape,train
2026-08-12T17:00:00+00:00,evt-containe-0204,user-04,job-00,ctr-00,GPU-DEMO-0001,debug-helper,66.152,50.556,207.371,0.196,host-kernel,True,False,False,False,none,True,container_escape,container_escape,train
2026-08-12T17:05:00+00:00,evt-containe-0205,user-05,job-01,ctr-01,GPU-DEMO-0002,nsenter-demo,31.903,26.98,159.941,0.696,host-kernel,False,True,True,False,none,True,container_escape,container_escape,train
2026-08-12T17:10:00+00:00,evt-containe-0206,user-06,job-02,ctr-02,GPU-DEMO-0003,nsenter-demo,28.509,26.744,140.336,0.168,host-kernel,False,True,True,False,none,True,container_escape,container_escape,test
2026-08-12T17:15:00+00:00,evt-containe-0207,user-07,job-03,ctr-03,GPU-DEMO-0001,nsenter-demo,27.21,21.366,189.986,0.369,host-kernel,False,True,True,False,none,True,container_escape,container_escape,train
2026-08-12T17:20:00+00:00,evt-containe-0208,user-00,job-04,ctr-04,GPU-DEMO-0002,debug-helper,77.002,75.277,223.193,0.548,host-kernel,True,False,False,False,none,True,container_escape,container_escape,test
2026-08-12T17:25:00+00:00,evt-containe-0209,user-01,job-05,ctr-05,GPU-DEMO-0003,nsenter-demo,27.981,10.209,133.587,0.228,host-kernel,False,True,True,False,none,True,container_escape,container_escape,train
2026-08-12T17:30:00+00:00,evt-containe-0210,user-02,job-06,ctr-06,GPU-DEMO-0001,nsenter-demo,33.627,28.618,161.623,0.357,host-kernel,False,True,True,False,none,True,container_escape,container_escape,train
2026-08-12T17:35:00+00:00,evt-containe-0211,user-03,job-07,ctr-07,GPU-DEMO-0002,nsenter-demo,27.694,31.892,154.047,0.702,host-kernel,False,True,True,False,none,True,container_escape,container_escape,train
2026-08-12T17:40:00+00:00,evt-containe-0212,user-04,job-08,ctr-08,GPU-DEMO-0003,debug-helper,58.423,57.07,228.502,0.51,host-kernel,True,False,False,False,none,True,container_escape,container_escape,test
2026-08-12T17:45:00+00:00,evt-containe-0213,user-05,job-09,ctr-09,GPU-DEMO-0001,nsenter-demo,35.889,21.254,160.211,0.402,host-kernel,False,True,True,False,none,True,container_escape,container_escape,train
2026-08-12T17:50:00+00:00,evt-containe-0214,user-06,job-10,ctr-10,GPU-DEMO-0002,nsenter-demo,32.732,29.374,121.644,0.523,host-kernel,False,True,True,False,none,True,container_escape,container_escape,train
2026-08-12T17:55:00+00:00,evt-containe-0215,user-07,job-11,ctr-11,GPU-DEMO-0003,nsenter-demo,33.074,22.454,122.774,0.962,host-kernel,False,True,True,False,none,True,container_escape,container_escape,train
2026-08-12T18:00:00+00:00,evt-containe-0216,user-00,job-00,ctr-00,GPU-DEMO-0001,debug-helper,67.318,86.266,265.931,0.571,host-kernel,True,False,False,False,none,True,container_escape,container_escape,test
2026-08-12T18:05:00+00:00,evt-containe-0217,user-01,job-01,ctr-01,GPU-DEMO-0002,nsenter-demo,27.726,16.586,133.302,0.625,host-kernel,False,True,True,False,none,True,container_escape,container_escape,train
2026-08-12T18:10:00+00:00,evt-containe-0218,user-02,job-02,ctr-02,GPU-DEMO-0003,nsenter-demo,33.005,21.396,133.579,0.906,host-kernel,False,True,True,False,none,True,container_escape,container_escape,test
2026-08-12T18:15:00+00:00,evt-containe-0219,user-03,job-03,ctr-03,GPU-DEMO-0001,nsenter-demo,40.599,16.978,140.949,0.702,host-kernel,False,True,True,False,none,True,container_escape,container_escape,train
2026-08-12T00:00:00+00:00,evt-untruste-0000,user-00,job-00,ctr-00,GPU-DEMO-0001,tritonserver,68.319,67.237,232.982,0.11,model-registry.internal,True,False,False,True,sentinel-7b-demo,False,untrusted_gpu,benign,train
2026-08-12T00:05:00+00:00,evt-untruste-0001,user-01,job-01,ctr-01,GPU-DEMO-0002,python-train,69.284,70.052,238.418,0.136,model-registry.internal,True,False,False,True,sentinel-7b-demo,False,untrusted_gpu,benign,test
2026-08-12T00:10:00+00:00,evt-untruste-0002,user-02,job-02,ctr-02,GPU-DEMO-0003,python-train,57.48,72.262,235.011,0.271,model-registry.internal,True,False,False,True,sentinel-7b-demo,False,untrusted_gpu,benign,train
2026-08-12T00:15:00+00:00,evt-untruste-0003,user-03,job-03,ctr-03,GPU-DEMO-0001,tritonserver,76.049,86.918,204.595,0.171,model-registry.internal,True,False,False,True,sentinel-7b-demo,False,untrusted_gpu,benign,train
2026-08-12T00:20:00+00:00,evt-untruste-0004,user-04,job-04,ctr-04,GPU-DEMO-0002,python-train,78.813,74.434,219.99,0.17,model-registry.internal,True,False,False,True,sentinel-7b-demo,False,untrusted_gpu,benign,train
2026-08-12T00:25:00+00:00,evt-untruste-0005,user-05,job-05,ctr-05,GPU-DEMO-0003,python-train,56.902,78.827,270.633,0.657,model-registry.internal,True,False,False,True,sentinel-7b-demo,False,untrusted_gpu,benign,train
2026-08-12T00:30:00+00:00,evt-untruste-0006,user-06,job-06,ctr-06,GPU-DEMO-0001,tritonserver,45.642,70.754,223.028,0.827,model-registry.internal,True,False,False,True,sentinel-7b-demo,False,untrusted_gpu,benign,train
2026-08-12T00:35:00+00:00,evt-untruste-0007,user-07,job-07,ctr-07,GPU-DEMO-0002,python-train,62.541,78.771,219.834,0.343,model-registry.internal,True,False,False,True,sentinel-7b-demo,False,untrusted_gpu,benign,test
2026-08-12T00:40:00+00:00,evt-untruste-0008,user-00,job-08,ctr-08,GPU-DEMO-0003,python-train,63.06,72.143,242.183,0.955,model-registry.internal,True,False,False,True,sentinel-7b-demo,False,untrusted_gpu,benign,train
2026-08-12T00:45:00+00:00,evt-untruste-0009,user-01,job-09,ctr-09,GPU-DEMO-0001,tritonserver,75.916,72.909,210.596,0.544,model-registry.internal,True,False,False,True,sentinel-7b-demo,False,untrusted_gpu,benign,train
2026-08-12T00:50:00+00:00,evt-untruste-0010,user-02,job-10,ctr-10,GPU-DEMO-0002,python-train,74.87,75.557,272.546,0.495,model-registry.internal,True,False,False,True,sentinel-7b-demo,False,untrusted_gpu,benign,train
2026-08-12T00:55:00+00:00,evt-untruste-0011,user-03,job-11,ctr-11,GPU-DEMO-0003,python-train,53.458,76.862,256.856,0.313,model-registry.internal,True,False,False,True,sentinel-7b-demo,False,untrusted_gpu,benign,train
2026-08-12T01:00:00+00:00,evt-untruste-0012,user-04,job-00,ctr-00,GPU-DEMO-0001,tritonserver,70.746,75.459,231.261,0.214,model-registry.internal,True,False,False,True,sentinel-7b-demo,False,untrusted_gpu,benign,train
2026-08-12T01:05:00+00:00,evt-untruste-0013,user-05,job-01,ctr-01,GPU-DEMO-0002,python-train,65.06,74.888,248.963,0.536,model-registry.internal,True,False,False,True,sentinel-7b-demo,False,untrusted_gpu,benign,test
2026-08-12T01:10:00+00:00,evt-untruste-0014,user-06,job-02,ctr-02,GPU-DEMO-0003,python-train,67.383,88.563,239.031,0.113,model-registry.internal,True,False,False,True,sentinel-7b-demo,False,untrusted_gpu,benign,train
2026-08-12T01:15:00+00:00,evt-untruste-0015,user-07,job-03,ctr-03,GPU-DEMO-0001,tritonserver,67.981,72.695,229.032,0.6,model-registry.internal,True,False,False,True,sentinel-7b-demo,False,untrusted_gpu,benign,train
2026-08-12T01:20:00+00:00,evt-untruste-0016,user-00,job-04,ctr-04,GPU-DEMO-0002,python-train,52.624,80.329,248.33,0.169,model-registry.internal,True,False,False,True,sentinel-7b-demo,False,untrusted_gpu,benign,train
2026-08-12T01:25:00+00:00,evt-untruste-0017,user-01,job-05,ctr-05,GPU-DEMO-0003,python-train,77.408,70.991,225.872,0.444,model-registry.internal,True,False,False,True,sentinel-7b-demo,False,untrusted_gpu,benign,train
2026-08-12T01:30:00+00:00,evt-untruste-0018,user-02,job-06,ctr-06,GPU-DEMO-0001,tritonserver,59.869,64.447,222.409,0.329,model-registry.internal,True,False,False,True,sentinel-7b-demo,False,untrusted_gpu,benign,train
2026-08-12T01:35:00+00:00,evt-untruste-0019,user-03,job-07,ctr-07,GPU-DEMO-0002,python-train,78.608,71.311,239.035,0.174,model-registry.internal,True,False,False,True,sentinel-7b-demo,False,untrusted_gpu,benign,test
2026-08-12T01:40:00+00:00,evt-untruste-0020,user-04,job-08,ctr-08,GPU-DEMO-0003,python-train,80.177,73.574,256.776,0.324,model-registry.internal,True,False,False,True,sentinel-7b-demo,False,untrusted_gpu,benign,train
2026-08-12T01:45:00+00:00,evt-untruste-0021,user-05,job-09,ctr-09,GPU-DEMO-0001,tritonserver,73.03,78.55,266.691,0.585,model-registry.internal,True,False,False,True,sentinel-7b-demo,False,untrusted_gpu,benign,train
2026-08-12T01:50:00+00:00,evt-untruste-0022,user-06,job-10,ctr-10,GPU-DEMO-0002,python-train,80.883,73.972,232.449,0.478,model-registry.internal,True,False,False,True,sentinel-7b-demo,False,untrusted_gpu,benign,train
2026-08-12T01:55:00+00:00,evt-untruste-0023,user-07,job-11,ctr-11,GPU-DEMO-0003,python-train,78.833,76.242,240.381,0.137,model-registry.internal,True,False,False,True,sentinel-7b-demo,False,untrusted_gpu,benign,train
2026-08-12T02:00:00+00:00,evt-untruste-0024,user-00,job-00,ctr-00,GPU-DEMO-0001,tritonserver,72.641,72.634,236.927,0.298,model-registry.internal,True,False,False,True,sentinel-7b-demo,False,untrusted_gpu,benign,train
2026-08-12T02:05:00+00:00,evt-untruste-0025,user-01,job-01,ctr-01,GPU-DEMO-0002,python-train,57.66,58.728,204.294,0.512,model-registry.internal,True,False,False,True,sentinel-7b-demo,False,untrusted_gpu,benign,test
2026-08-12T02:10:00+00:00,evt-untruste-0026,user-02,job-02,ctr-02,GPU-DEMO-0003,python-train,68.691,66.412,202.247,0.117,model-registry.internal,True,False,False,True,sentinel-7b-demo,False,untrusted_gpu,benign,train
2026-08-12T02:15:00+00:00,evt-untruste-0027,user-03,job-03,ctr-03,GPU-DEMO-0001,tritonserver,74.016,55.923,217.583,0.375,model-registry.internal,True,False,False,True,sentinel-7b-demo,False,untrusted_gpu,benign,train
2026-08-12T02:20:00+00:00,evt-untruste-0028,user-04,job-04,ctr-04,GPU-DEMO-0002,python-train,62.693,77.358,208.259,0.686,model-registry.internal,True,False,False,True,sentinel-7b-demo,False,untrusted_gpu,benign,train
2026-08-12T02:25:00+00:00,evt-untruste-0029,user-05,job-05,ctr-05,GPU-DEMO-0003,python-train,78.992,80.272,238.138,0.439,model-registry.internal,True,False,False,True,sentinel-7b-demo,False,untrusted_gpu,benign,train
2026-08-12T02:30:00+00:00,evt-untruste-0030,user-06,job-06,ctr-06,GPU-DEMO-0001,tritonserver,55.249,64.66,249.382,0.353,model-registry.internal,True,False,False,True,sentinel-7b-demo,False,untrusted_gpu,benign,train
2026-08-12T02:35:00+00:00,evt-untruste-0031,user-07,job-07,ctr-07,GPU-DEMO-0002,python-train,81.482,74.416,256.237,0.255,model-registry.internal,True,False,False,True,sentinel-7b-demo,False,untrusted_gpu,benign,test
2026-08-12T02:40:00+00:00,evt-untruste-0032,user-00,job-08,ctr-08,GPU-DEMO-0003,python-train,48.271,79.829,265.969,0.518,model-registry.internal,True,False,False,True,sentinel-7b-demo,False,untrusted_gpu,benign,train
2026-08-12T02:45:00+00:00,evt-untruste-0033,user-01,job-09,ctr-09,GPU-DEMO-0001,tritonserver,60.887,83.851,191.443,0.845,model-registry.internal,True,False,False,True,sentinel-7b-demo,False,untrusted_gpu,benign,train
2026-08-12T02:50:00+00:00,evt-untruste-0034,user-02,job-10,ctr-10,GPU-DEMO-0002,python-train,56.083,76.922,262.658,0.874,model-registry.internal,True,False,False,True,sentinel-7b-demo,False,untrusted_gpu,benign,train
2026-08-12T02:55:00+00:00,evt-untruste-0035,user-03,job-11,ctr-11,GPU-DEMO-0003,python-train,65.364,50.764,229.937,0.553,model-registry.internal,True,False,False,True,sentinel-7b-demo,False,untrusted_gpu,benign,train
2026-08-12T03:00:00+00:00,evt-untruste-0036,user-04,job-00,ctr-00,GPU-DEMO-0001,tritonserver,57.486,60.583,225.99,0.428,model-registry.internal,True,False,False,True,sentinel-7b-demo,False,untrusted_gpu,benign,train
2026-08-12T03:05:00+00:00,evt-untruste-0037,user-05,job-01,ctr-01,GPU-DEMO-0002,python-train,78.593,74.064,264.547,0.518,model-registry.internal,True,False,False,True,sentinel-7b-demo,False,untrusted_gpu,benign,test
2026-08-12T03:10:00+00:00,evt-untruste-0038,user-06,job-02,ctr-02,GPU-DEMO-0003,python-train,70.232,83.271,255.456,0.301,model-registry.internal,True,False,False,True,sentinel-7b-demo,False,untrusted_gpu,benign,train
2026-08-12T03:15:00+00:00,evt-untruste-0039,user-07,job-03,ctr-03,GPU-DEMO-0001,tritonserver,51.504,76.16,233.867,0.307,model-registry.internal,True,False,False,True,sentinel-7b-demo,False,untrusted_gpu,benign,train
2026-08-12T03:20:00+00:00,evt-untruste-0040,user-00,job-04,ctr-04,GPU-DEMO-0002,python-train,79.989,69.248,247.422,0.358,model-registry.internal,True,False,False,True,sentinel-7b-demo,False,untrusted_gpu,benign,train
2026-08-12T03:25:00+00:00,evt-untruste-0041,user-01,job-05,ctr-05,GPU-DEMO-0003,python-train,63.579,65.846,265.004,0.174,model-registry.internal,True,False,False,True,sentinel-7b-demo,False,untrusted_gpu,benign,train
2026-08-12T03:30:00+00:00,evt-untruste-0042,user-02,job-06,ctr-06,GPU-DEMO-0001,tritonserver,70.177,74.387,271.169,0.564,model-registry.internal,True,False,False,True,sentinel-7b-demo,False,untrusted_gpu,benign,train
2026-08-12T03:35:00+00:00,evt-untruste-0043,user-03,job-07,ctr-07,GPU-DEMO-0002,python-train,62.405,65.539,270.81,0.528,model-registry.internal,True,False,False,True,sentinel-7b-demo,False,untrusted_gpu,benign,test
2026-08-12T03:40:00+00:00,evt-untruste-0044,user-04,job-08,ctr-08,GPU-DEMO-0003,python-train,73.718,81.088,285.804,0.262,model-registry.internal,True,False,False,True,sentinel-7b-demo,False,untrusted_gpu,benign,train
2026-08-12T03:45:00+00:00,evt-untruste-0045,user-05,job-09,ctr-09,GPU-DEMO-0001,tritonserver,58.627,77.144,193.119,0.131,model-registry.internal,True,False,False,True,sentinel-7b-demo,False,untrusted_gpu,benign,train
2026-08-12T03:50:00+00:00,evt-untruste-0046,user-06,job-10,ctr-10,GPU-DEMO-0002,python-train,70.186,75.222,237.959,0.283,model-registry.internal,True,False,False,True,sentinel-7b-demo,False,untrusted_gpu,benign,train
2026-08-12T03:55:00+00:00,evt-untruste-0047,user-07,job-11,ctr-11,GPU-DEMO-0003,python-train,83.689,77.706,266.503,0.152,model-registry.internal,True,False,False,True,sentinel-7b-demo,False,untrusted_gpu,benign,train
2026-08-12T04:00:00+00:00,evt-untruste-0048,user-00,job-00,ctr-00,GPU-DEMO-0001,tritonserver,62.084,64.177,246.146,0.132,model-registry.internal,True,False,False,True,sentinel-7b-demo,False,untrusted_gpu,benign,train
2026-08-12T04:05:00+00:00,evt-untruste-0049,user-01,job-01,ctr-01,GPU-DEMO-0002,python-train,54.158,81.261,251.133,0.488,model-registry.internal,True,False,False,True,sentinel-7b-demo,False,untrusted_gpu,benign,test
2026-08-12T04:10:00+00:00,evt-untruste-0050,user-02,job-02,ctr-02,GPU-DEMO-0003,python-train,67.58,62.996,220.826,0.384,model-registry.internal,True,False,False,True,sentinel-7b-demo,False,untrusted_gpu,benign,train
2026-08-12T04:15:00+00:00,evt-untruste-0051,user-03,job-03,ctr-03,GPU-DEMO-0001,tritonserver,50.19,69.891,213.764,0.624,model-registry.internal,True,False,False,True,sentinel-7b-demo,False,untrusted_gpu,benign,train
2026-08-12T04:20:00+00:00,evt-untruste-0052,user-04,job-04,ctr-04,GPU-DEMO-0002,python-train,66.201,61.831,219.203,0.332,model-registry.internal,True,False,False,True,sentinel-7b-demo,False,untrusted_gpu,benign,train
2026-08-12T04:25:00+00:00,evt-untruste-0053,user-05,job-05,ctr-05,GPU-DEMO-0003,python-train,70.066,81.254,192.415,0.866,model-registry.internal,True,False,False,True,sentinel-7b-demo,False,untrusted_gpu,benign,train
2026-08-12T04:30:00+00:00,evt-untruste-0054,user-06,job-06,ctr-06,GPU-DEMO-0001,tritonserver,51.735,68.336,254.905,0.305,model-registry.internal,True,False,False,True,sentinel-7b-demo,False,untrusted_gpu,benign,train
2026-08-12T04:35:00+00:00,evt-untruste-0055,user-07,job-07,ctr-07,GPU-DEMO-0002,python-train,58.64,80.465,202.029,0.326,model-registry.internal,True,False,False,True,sentinel-7b-demo,False,untrusted_gpu,benign,test
2026-08-12T04:40:00+00:00,evt-untruste-0056,user-00,job-08,ctr-08,GPU-DEMO-0003,python-train,70.125,75.282,222.943,0.269,model-registry.internal,True,False,False,True,sentinel-7b-demo,False,untrusted_gpu,benign,train
2026-08-12T04:45:00+00:00,evt-untruste-0057,user-01,job-09,ctr-09,GPU-DEMO-0001,tritonserver,59.044,78.541,253.299,0.252,model-registry.internal,True,False,False,True,sentinel-7b-demo,False,untrusted_gpu,benign,train
2026-08-12T04:50:00+00:00,evt-untruste-0058,user-02,job-10,ctr-10,GPU-DEMO-0002,python-train,73.77,82.524,240.497,0.267,model-registry.internal,True,False,False,True,sentinel-7b-demo,False,untrusted_gpu,benign,train
2026-08-12T04:55:00+00:00,evt-untruste-0059,user-03,job-11,ctr-11,GPU-DEMO-0003,python-train,62.866,71.757,247.495,0.5,model-registry.internal,True,False,False,True,sentinel-7b-demo,False,untrusted_gpu,benign,train
2026-08-12T05:00:00+00:00,evt-untruste-0060,user-04,job-00,ctr-00,GPU-DEMO-0001,tritonserver,55.797,65.695,194.962,0.143,model-registry.internal,True,False,False,True,sentinel-7b-demo,False,untrusted_gpu,benign,train
2026-08-12T05:05:00+00:00,evt-untruste-0061,user-05,job-01,ctr-01,GPU-DEMO-0002,python-train,46.396,65.005,254.172,0.179,model-registry.internal,True,False,False,True,sentinel-7b-demo,False,untrusted_gpu,benign,test
2026-08-12T05:10:00+00:00,evt-untruste-0062,user-06,job-02,ctr-02,GPU-DEMO-0003,python-train,56.234,71.652,265.639,0.121,model-registry.internal,True,False,False,True,sentinel-7b-demo,False,untrusted_gpu,benign,train
2026-08-12T05:15:00+00:00,evt-untruste-0063,user-07,job-03,ctr-03,GPU-DEMO-0001,tritonserver,61.158,84.153,241.453,0.422,model-registry.internal,True,False,False,True,sentinel-7b-demo,False,untrusted_gpu,benign,train
2026-08-12T05:20:00+00:00,evt-untruste-0064,user-00,job-04,ctr-04,GPU-DEMO-0002,python-train,72.944,74.713,209.108,0.132,model-registry.internal,True,False,False,True,sentinel-7b-demo,False,untrusted_gpu,benign,train
2026-08-12T05:25:00+00:00,evt-untruste-0065,user-01,job-05,ctr-05,GPU-DEMO-0003,python-train,71.735,82.671,210.484,0.442,model-registry.internal,True,False,False,True,sentinel-7b-demo,False,untrusted_gpu,benign,train
2026-08-12T05:30:00+00:00,evt-untruste-0066,user-02,job-06,ctr-06,GPU-DEMO-0001,tritonserver,69.419,72.309,219.309,0.315,model-registry.internal,True,False,False,True,sentinel-7b-demo,False,untrusted_gpu,benign,train
2026-08-12T05:35:00+00:00,evt-untruste-0067,user-03,job-07,ctr-07,GPU-DEMO-0002,python-train,80.455,55.505,227.991,0.123,model-registry.internal,True,False,False,True,sentinel-7b-demo,False,untrusted_gpu,benign,test
2026-08-12T05:40:00+00:00,evt-untruste-0068,user-04,job-08,ctr-08,GPU-DEMO-0003,python-train,72.015,84.948,263.253,0.319,model-registry.internal,True,False,False,True,sentinel-7b-demo,False,untrusted_gpu,benign,train
2026-08-12T05:45:00+00:00,evt-untruste-0069,user-05,job-09,ctr-09,GPU-DEMO-0001,tritonserver,70.355,69.312,240.826,0.296,model-registry.internal,True,False,False,True,sentinel-7b-demo,False,untrusted_gpu,benign,train
2026-08-12T05:50:00+00:00,evt-untruste-0070,user-06,job-10,ctr-10,GPU-DEMO-0002,python-train,61.267,70.562,243.303,0.515,model-registry.internal,True,False,False,True,sentinel-7b-demo,False,untrusted_gpu,benign,train
2026-08-12T05:55:00+00:00,evt-untruste-0071,user-07,job-11,ctr-11,GPU-DEMO-0003,python-train,70.417,73.647,235.166,0.232,model-registry.internal,True,False,False,True,sentinel-7b-demo,False,untrusted_gpu,benign,train
2026-08-12T06:00:00+00:00,evt-untruste-0072,user-00,job-00,ctr-00,GPU-DEMO-0001,tritonserver,64.499,91.943,179.237,0.467,model-registry.internal,True,False,False,True,sentinel-7b-demo,False,untrusted_gpu,benign,train
2026-08-12T06:05:00+00:00,evt-untruste-0073,user-01,job-01,ctr-01,GPU-DEMO-0002,python-train,64.435,83.8,246.943,0.432,model-registry.internal,True,False,False,True,sentinel-7b-demo,False,untrusted_gpu,benign,test
2026-08-12T06:10:00+00:00,evt-untruste-0074,user-02,job-02,ctr-02,GPU-DEMO-0003,python-train,72.797,85.465,239.312,0.883,model-registry.internal,True,False,False,True,sentinel-7b-demo,False,untrusted_gpu,benign,train
2026-08-12T06:15:00+00:00,evt-untruste-0075,user-03,job-03,ctr-03,GPU-DEMO-0001,tritonserver,78.16,68.328,267.41,0.591,model-registry.internal,True,False,False,True,sentinel-7b-demo,False,untrusted_gpu,benign,train
2026-08-12T06:20:00+00:00,evt-untruste-0076,user-04,job-04,ctr-04,GPU-DEMO-0002,python-train,50.277,79.23,209.356,0.16,model-registry.internal,True,False,False,True,sentinel-7b-demo,False,untrusted_gpu,benign,train
2026-08-12T06:25:00+00:00,evt-untruste-0077,user-05,job-05,ctr-05,GPU-DEMO-0003,python-train,75.211,68.145,189.172,0.557,model-registry.internal,True,False,False,True,sentinel-7b-demo,False,untrusted_gpu,benign,train
2026-08-12T06:30:00+00:00,evt-untruste-0078,user-06,job-06,ctr-06,GPU-DEMO-0001,tritonserver,62.453,72.679,228.812,0.127,model-registry.internal,True,False,False,True,sentinel-7b-demo,False,untrusted_gpu,benign,train
2026-08-12T06:35:00+00:00,evt-untruste-0079,user-07,job-07,ctr-07,GPU-DEMO-0002,python-train,75.868,69.541,218.069,0.844,model-registry.internal,True,False,False,True,sentinel-7b-demo,False,untrusted_gpu,benign,test
2026-08-12T06:40:00+00:00,evt-untruste-0080,user-00,job-08,ctr-08,GPU-DEMO-0003,python-train,60.429,77.745,238.208,0.386,model-registry.internal,True,False,False,True,sentinel-7b-demo,False,untrusted_gpu,benign,train
2026-08-12T06:45:00+00:00,evt-untruste-0081,user-01,job-09,ctr-09,GPU-DEMO-0001,tritonserver,74.595,80.83,241.102,0.36,model-registry.internal,True,False,False,True,sentinel-7b-demo,False,untrusted_gpu,benign,train
2026-08-12T06:50:00+00:00,evt-untruste-0082,user-02,job-10,ctr-10,GPU-DEMO-0002,python-train,61.518,71.263,257.653,0.684,model-registry.internal,True,False,False,True,sentinel-7b-demo,False,untrusted_gpu,benign,train
2026-08-12T06:55:00+00:00,evt-untruste-0083,user-03,job-11,ctr-11,GPU-DEMO-0003,python-train,71.009,70.721,268.017,0.188,model-registry.internal,True,False,False,True,sentinel-7b-demo,False,untrusted_gpu,benign,train
2026-08-12T07:00:00+00:00,evt-untruste-0084,user-04,job-00,ctr-00,GPU-DEMO-0001,tritonserver,75.513,76.0,231.321,0.39,model-registry.internal,True,False,False,True,sentinel-7b-demo,False,untrusted_gpu,benign,train
2026-08-12T07:05:00+00:00,evt-untruste-0085,user-05,job-01,ctr-01,GPU-DEMO-0002,python-train,70.396,65.136,268.359,0.441,model-registry.internal,True,False,False,True,sentinel-7b-demo,False,untrusted_gpu,benign,test
2026-08-12T07:10:00+00:00,evt-untruste-0086,user-06,job-02,ctr-02,GPU-DEMO-0003,python-train,54.494,76.517,252.207,0.375,model-registry.internal,True,False,False,True,sentinel-7b-demo,False,untrusted_gpu,benign,train
2026-08-12T07:15:00+00:00,evt-untruste-0087,user-07,job-03,ctr-03,GPU-DEMO-0001,tritonserver,61.257,62.536,194.332,0.277,model-registry.internal,True,False,False,True,sentinel-7b-demo,False,untrusted_gpu,benign,train
2026-08-12T07:20:00+00:00,evt-untruste-0088,user-00,job-04,ctr-04,GPU-DEMO-0002,python-train,75.223,82.99,239.91,0.202,model-registry.internal,True,False,False,True,sentinel-7b-demo,False,untrusted_gpu,benign,train
2026-08-12T07:25:00+00:00,evt-untruste-0089,user-01,job-05,ctr-05,GPU-DEMO-0003,python-train,57.946,63.481,274.849,0.3,model-registry.internal,True,False,False,True,sentinel-7b-demo,False,untrusted_gpu,benign,train
2026-08-12T07:30:00+00:00,evt-untruste-0090,user-02,job-06,ctr-06,GPU-DEMO-0001,tritonserver,69.506,68.44,227.939,0.489,model-registry.internal,True,False,False,True,sentinel-7b-demo,False,untrusted_gpu,benign,train
2026-08-12T07:35:00+00:00,evt-untruste-0091,user-03,job-07,ctr-07,GPU-DEMO-0002,python-train,56.751,74.192,224.673,0.253,model-registry.internal,True,False,False,True,sentinel-7b-demo,False,untrusted_gpu,benign,test
2026-08-12T07:40:00+00:00,evt-untruste-0092,user-04,job-08,ctr-08,GPU-DEMO-0003,python-train,60.256,76.078,244.621,0.598,model-registry.internal,True,False,False,True,sentinel-7b-demo,False,untrusted_gpu,benign,train
2026-08-12T07:45:00+00:00,evt-untruste-0093,user-05,job-09,ctr-09,GPU-DEMO-0001,tritonserver,63.987,78.12,278.621,0.319,model-registry.internal,True,False,False,True,sentinel-7b-demo,False,untrusted_gpu,benign,train
2026-08-12T07:50:00+00:00,evt-untruste-0094,user-06,job-10,ctr-10,GPU-DEMO-0002,python-train,72.868,74.377,231.256,0.14,model-registry.internal,True,False,False,True,sentinel-7b-demo,False,untrusted_gpu,benign,train
2026-08-12T07:55:00+00:00,evt-untruste-0095,user-07,job-11,ctr-11,GPU-DEMO-0003,python-train,54.761,79.028,246.723,0.343,model-registry.internal,True,False,False,True,sentinel-7b-demo,False,untrusted_gpu,benign,train
2026-08-12T08:00:00+00:00,evt-untruste-0096,user-00,job-00,ctr-00,GPU-DEMO-0001,tritonserver,63.702,75.913,240.092,0.35,model-registry.internal,True,False,False,True,sentinel-7b-demo,False,untrusted_gpu,benign,train
2026-08-12T08:05:00+00:00,evt-untruste-0097,user-01,job-01,ctr-01,GPU-DEMO-0002,python-train,73.765,80.628,237.864,0.588,model-registry.internal,True,False,False,True,sentinel-7b-demo,False,untrusted_gpu,benign,test
2026-08-12T08:10:00+00:00,evt-untruste-0098,user-02,job-02,ctr-02,GPU-DEMO-0003,python-train,56.465,66.528,245.56,0.395,model-registry.internal,True,False,False,True,sentinel-7b-demo,False,untrusted_gpu,benign,train
2026-08-12T08:15:00+00:00,evt-untruste-0099,user-03,job-03,ctr-03,GPU-DEMO-0001,tritonserver,82.123,61.299,222.757,1.274,model-registry.internal,True,False,False,True,sentinel-7b-demo,False,untrusted_gpu,benign,train
2026-08-12T08:20:00+00:00,evt-untruste-0100,user-04,job-04,ctr-04,GPU-DEMO-0002,python-train,66.621,61.296,254.582,0.218,model-registry.internal,True,False,False,True,sentinel-7b-demo,False,untrusted_gpu,benign,train
2026-08-12T08:25:00+00:00,evt-untruste-0101,user-05,job-05,ctr-05,GPU-DEMO-0003,python-train,65.084,81.819,209.143,0.34,model-registry.internal,True,False,False,True,sentinel-7b-demo,False,untrusted_gpu,benign,train
2026-08-12T08:30:00+00:00,evt-untruste-0102,user-06,job-06,ctr-06,GPU-DEMO-0001,tritonserver,59.332,67.744,219.34,0.494,model-registry.internal,True,False,False,True,sentinel-7b-demo,False,untrusted_gpu,benign,train
2026-08-12T08:35:00+00:00,evt-untruste-0103,user-07,job-07,ctr-07,GPU-DEMO-0002,python-train,74.333,55.416,212.193,0.117,model-registry.internal,True,False,False,True,sentinel-7b-demo,False,untrusted_gpu,benign,test
2026-08-12T08:40:00+00:00,evt-untruste-0104,user-00,job-08,ctr-08,GPU-DEMO-0003,python-train,54.971,68.229,230.1,0.222,model-registry.internal,True,False,False,True,sentinel-7b-demo,False,untrusted_gpu,benign,train
2026-08-12T08:45:00+00:00,evt-untruste-0105,user-01,job-09,ctr-09,GPU-DEMO-0001,tritonserver,79.393,76.177,250.247,0.209,model-registry.internal,True,False,False,True,sentinel-7b-demo,False,untrusted_gpu,benign,train
2026-08-12T08:50:00+00:00,evt-untruste-0106,user-02,job-10,ctr-10,GPU-DEMO-0002,python-train,78.315,51.858,251.097,0.184,model-registry.internal,True,False,False,True,sentinel-7b-demo,False,untrusted_gpu,benign,train
2026-08-12T08:55:00+00:00,evt-untruste-0107,user-03,job-11,ctr-11,GPU-DEMO-0003,python-train,63.913,54.296,203.838,0.464,model-registry.internal,True,False,False,True,sentinel-7b-demo,False,untrusted_gpu,benign,train
2026-08-12T09:00:00+00:00,evt-untruste-0108,user-04,job-00,ctr-00,GPU-DEMO-0001,tritonserver,69.914,70.81,227.898,0.108,model-registry.internal,True,False,False,True,sentinel-7b-demo,False,untrusted_gpu,benign,train
2026-08-12T09:05:00+00:00,evt-untruste-0109,user-05,job-01,ctr-01,GPU-DEMO-0002,python-train,58.617,67.425,242.766,0.508,model-registry.internal,True,False,False,True,sentinel-7b-demo,False,untrusted_gpu,benign,test
2026-08-12T09:10:00+00:00,evt-untruste-0110,user-06,job-02,ctr-02,GPU-DEMO-0003,python-train,77.103,65.303,222.414,0.2,model-registry.internal,True,False,False,True,sentinel-7b-demo,False,untrusted_gpu,benign,train
2026-08-12T09:15:00+00:00,evt-untruste-0111,user-07,job-03,ctr-03,GPU-DEMO-0001,tritonserver,76.734,71.91,219.368,0.484,model-registry.internal,True,False,False,True,sentinel-7b-demo,False,untrusted_gpu,benign,train
2026-08-12T09:20:00+00:00,evt-untruste-0112,user-00,job-04,ctr-04,GPU-DEMO-0002,python-train,64.505,72.449,241.597,0.335,model-registry.internal,True,False,False,True,sentinel-7b-demo,False,untrusted_gpu,benign,train
2026-08-12T09:25:00+00:00,evt-untruste-0113,user-01,job-05,ctr-05,GPU-DEMO-0003,python-train,68.802,80.645,257.097,0.258,model-registry.internal,True,False,False,True,sentinel-7b-demo,False,untrusted_gpu,benign,train
2026-08-12T09:30:00+00:00,evt-untruste-0114,user-02,job-06,ctr-06,GPU-DEMO-0001,tritonserver,68.228,76.979,269.008,0.714,model-registry.internal,True,False,False,True,sentinel-7b-demo,False,untrusted_gpu,benign,train
2026-08-12T09:35:00+00:00,evt-untruste-0115,user-03,job-07,ctr-07,GPU-DEMO-0002,python-train,69.673,55.605,196.575,0.389,model-registry.internal,True,False,False,True,sentinel-7b-demo,False,untrusted_gpu,benign,test
2026-08-12T09:40:00+00:00,evt-untruste-0116,user-04,job-08,ctr-08,GPU-DEMO-0003,python-train,75.717,73.994,233.848,0.391,model-registry.internal,True,False,False,True,sentinel-7b-demo,False,untrusted_gpu,benign,train
2026-08-12T09:45:00+00:00,evt-untruste-0117,user-05,job-09,ctr-09,GPU-DEMO-0001,tritonserver,54.506,62.739,217.988,0.445,model-registry.internal,True,False,False,True,sentinel-7b-demo,False,untrusted_gpu,benign,train
2026-08-12T09:50:00+00:00,evt-untruste-0118,user-06,job-10,ctr-10,GPU-DEMO-0002,python-train,58.238,82.969,288.541,0.225,model-registry.internal,True,False,False,True,sentinel-7b-demo,False,untrusted_gpu,benign,train
2026-08-12T09:55:00+00:00,evt-untruste-0119,user-07,job-11,ctr-11,GPU-DEMO-0003,python-train,65.4,82.129,231.688,0.418,model-registry.internal,True,False,False,True,sentinel-7b-demo,False,untrusted_gpu,benign,train
2026-08-12T10:00:00+00:00,evt-untruste-0120,user-00,job-00,ctr-00,GPU-DEMO-0001,tritonserver,63.791,69.632,239.986,0.408,model-registry.internal,True,False,False,True,sentinel-7b-demo,False,untrusted_gpu,benign,train
2026-08-12T10:05:00+00:00,evt-untruste-0121,user-01,job-01,ctr-01,GPU-DEMO-0002,python-train,65.388,67.629,199.076,0.34,model-registry.internal,True,False,False,True,sentinel-7b-demo,False,untrusted_gpu,benign,test
2026-08-12T10:10:00+00:00,evt-untruste-0122,user-02,job-02,ctr-02,GPU-DEMO-0003,python-train,61.22,69.561,194.52,0.269,model-registry.internal,True,False,False,True,sentinel-7b-demo,False,untrusted_gpu,benign,train
2026-08-12T10:15:00+00:00,evt-untruste-0123,user-03,job-03,ctr-03,GPU-DEMO-0001,tritonserver,66.098,82.386,222.276,0.449,model-registry.internal,True,False,False,True,sentinel-7b-demo,False,untrusted_gpu,benign,train
2026-08-12T10:20:00+00:00,evt-untruste-0124,user-04,job-04,ctr-04,GPU-DEMO-0002,python-train,76.622,78.881,246.186,0.353,model-registry.internal,True,False,False,True,sentinel-7b-demo,False,untrusted_gpu,benign,train
2026-08-12T10:25:00+00:00,evt-untruste-0125,user-05,job-05,ctr-05,GPU-DEMO-0003,python-train,79.814,85.301,206.603,0.512,model-registry.internal,True,False,False,True,sentinel-7b-demo,False,untrusted_gpu,benign,train
2026-08-12T10:30:00+00:00,evt-untruste-0126,user-06,job-06,ctr-06,GPU-DEMO-0001,tritonserver,68.095,67.091,246.005,0.115,model-registry.internal,True,False,False,True,sentinel-7b-demo,False,untrusted_gpu,benign,train
2026-08-12T10:35:00+00:00,evt-untruste-0127,user-07,job-07,ctr-07,GPU-DEMO-0002,python-train,47.8,81.116,209.144,0.164,model-registry.internal,True,False,False,True,sentinel-7b-demo,False,untrusted_gpu,benign,test
2026-08-12T10:40:00+00:00,evt-untruste-0128,user-00,job-08,ctr-08,GPU-DEMO-0003,python-train,63.597,65.124,255.083,0.203,model-registry.internal,True,False,False,True,sentinel-7b-demo,False,untrusted_gpu,benign,train
2026-08-12T10:45:00+00:00,evt-untruste-0129,user-01,job-09,ctr-09,GPU-DEMO-0001,tritonserver,64.56,62.837,188.285,0.413,model-registry.internal,True,False,False,True,sentinel-7b-demo,False,untrusted_gpu,benign,train
2026-08-12T10:50:00+00:00,evt-untruste-0130,user-02,job-10,ctr-10,GPU-DEMO-0002,python-train,51.4,56.781,216.596,1.025,model-registry.internal,True,False,False,True,sentinel-7b-demo,False,untrusted_gpu,benign,train
2026-08-12T10:55:00+00:00,evt-untruste-0131,user-03,job-11,ctr-11,GPU-DEMO-0003,python-train,66.212,70.882,250.958,0.733,model-registry.internal,True,False,False,True,sentinel-7b-demo,False,untrusted_gpu,benign,train
2026-08-12T11:00:00+00:00,evt-untruste-0132,user-04,job-00,ctr-00,GPU-DEMO-0001,tritonserver,69.993,89.975,207.318,0.223,model-registry.internal,True,False,False,True,sentinel-7b-demo,False,untrusted_gpu,benign,train
2026-08-12T11:05:00+00:00,evt-untruste-0133,user-05,job-01,ctr-01,GPU-DEMO-0002,python-train,80.293,59.771,258.372,0.162,model-registry.internal,True,False,False,True,sentinel-7b-demo,False,untrusted_gpu,benign,test
2026-08-12T11:10:00+00:00,evt-untruste-0134,user-06,job-02,ctr-02,GPU-DEMO-0003,python-train,68.895,70.881,246.806,0.276,model-registry.internal,True,False,False,True,sentinel-7b-demo,False,untrusted_gpu,benign,train
2026-08-12T11:15:00+00:00,evt-untruste-0135,user-07,job-03,ctr-03,GPU-DEMO-0001,tritonserver,67.822,78.935,161.895,0.185,model-registry.internal,True,False,False,True,sentinel-7b-demo,False,untrusted_gpu,benign,train
2026-08-12T11:20:00+00:00,evt-untruste-0136,user-00,job-04,ctr-04,GPU-DEMO-0002,python-train,70.718,60.57,223.579,0.254,model-registry.internal,True,False,False,True,sentinel-7b-demo,False,untrusted_gpu,benign,train
2026-08-12T11:25:00+00:00,evt-untruste-0137,user-01,job-05,ctr-05,GPU-DEMO-0003,python-train,72.458,84.66,237.135,0.625,model-registry.internal,True,False,False,True,sentinel-7b-demo,False,untrusted_gpu,benign,train
2026-08-12T11:30:00+00:00,evt-untruste-0138,user-02,job-06,ctr-06,GPU-DEMO-0001,tritonserver,65.053,84.392,285.368,0.232,model-registry.internal,True,False,False,True,sentinel-7b-demo,False,untrusted_gpu,benign,train
2026-08-12T11:35:00+00:00,evt-untruste-0139,user-03,job-07,ctr-07,GPU-DEMO-0002,python-train,68.542,75.269,266.301,0.444,model-registry.internal,True,False,False,True,sentinel-7b-demo,False,untrusted_gpu,benign,test
2026-08-12T11:40:00+00:00,evt-untruste-0140,user-04,job-08,ctr-08,GPU-DEMO-0003,python-train,75.103,67.35,235.744,0.55,model-registry.internal,True,False,False,True,sentinel-7b-demo,False,untrusted_gpu,benign,train
2026-08-12T11:45:00+00:00,evt-untruste-0141,user-05,job-09,ctr-09,GPU-DEMO-0001,tritonserver,75.537,76.018,222.162,0.19,model-registry.internal,True,False,False,True,sentinel-7b-demo,False,untrusted_gpu,benign,train
2026-08-12T11:50:00+00:00,evt-untruste-0142,user-06,job-10,ctr-10,GPU-DEMO-0002,python-train,49.545,89.141,226.485,0.296,model-registry.internal,True,False,False,True,sentinel-7b-demo,False,untrusted_gpu,benign,train
2026-08-12T11:55:00+00:00,evt-untruste-0143,user-07,job-11,ctr-11,GPU-DEMO-0003,python-train,80.159,74.468,232.437,0.255,model-registry.internal,True,False,False,True,sentinel-7b-demo,False,untrusted_gpu,benign,train
2026-08-12T12:00:00+00:00,evt-untruste-0144,user-00,job-00,ctr-00,GPU-DEMO-0001,tritonserver,55.023,82.538,262.0,0.175,model-registry.internal,True,False,False,True,sentinel-7b-demo,False,untrusted_gpu,benign,train
2026-08-12T12:05:00+00:00,evt-untruste-0145,user-01,job-01,ctr-01,GPU-DEMO-0002,python-train,67.755,55.576,226.757,0.092,model-registry.internal,True,False,False,True,sentinel-7b-demo,False,untrusted_gpu,benign,test
2026-08-12T12:10:00+00:00,evt-untruste-0146,user-02,job-02,ctr-02,GPU-DEMO-0003,python-train,70.836,72.377,254.98,0.281,model-registry.internal,True,False,False,True,sentinel-7b-demo,False,untrusted_gpu,benign,train
2026-08-12T12:15:00+00:00,evt-untruste-0147,user-03,job-03,ctr-03,GPU-DEMO-0001,tritonserver,69.983,62.653,251.383,0.155,model-registry.internal,True,False,False,True,sentinel-7b-demo,False,untrusted_gpu,benign,train
2026-08-12T12:20:00+00:00,evt-untruste-0148,user-04,job-04,ctr-04,GPU-DEMO-0002,python-train,67.541,77.642,237.297,0.175,model-registry.internal,True,False,False,True,sentinel-7b-demo,False,untrusted_gpu,benign,train
2026-08-12T12:25:00+00:00,evt-untruste-0149,user-05,job-05,ctr-05,GPU-DEMO-0003,python-train,58.904,74.142,250.996,0.117,model-registry.internal,True,False,False,True,sentinel-7b-demo,False,untrusted_gpu,benign,train
2026-08-12T12:30:00+00:00,evt-untruste-0150,user-06,job-06,ctr-06,GPU-DEMO-0001,tritonserver,72.566,89.279,215.907,0.352,model-registry.internal,True,False,False,True,sentinel-7b-demo,False,untrusted_gpu,benign,train
2026-08-12T12:35:00+00:00,evt-untruste-0151,user-07,job-07,ctr-07,GPU-DEMO-0002,python-train,82.547,84.672,268.256,0.426,model-registry.internal,True,False,False,True,sentinel-7b-demo,False,untrusted_gpu,benign,test
2026-08-12T12:40:00+00:00,evt-untruste-0152,user-00,job-08,ctr-08,GPU-DEMO-0003,python-train,76.019,68.244,269.205,0.173,model-registry.internal,True,False,False,True,sentinel-7b-demo,False,untrusted_gpu,benign,train
2026-08-12T12:45:00+00:00,evt-untruste-0153,user-01,job-09,ctr-09,GPU-DEMO-0001,tritonserver,58.256,56.57,238.686,0.44,model-registry.internal,True,False,False,True,sentinel-7b-demo,False,untrusted_gpu,benign,train
2026-08-12T12:50:00+00:00,evt-untruste-0154,user-02,job-10,ctr-10,GPU-DEMO-0002,python-train,70.118,70.249,222.475,0.122,model-registry.internal,True,False,False,True,sentinel-7b-demo,False,untrusted_gpu,benign,train
2026-08-12T12:55:00+00:00,evt-untruste-0155,user-03,job-11,ctr-11,GPU-DEMO-0003,python-train,64.207,74.256,202.76,0.209,model-registry.internal,True,False,False,True,sentinel-7b-demo,False,untrusted_gpu,benign,train
2026-08-12T13:00:00+00:00,evt-untruste-0156,user-04,job-00,ctr-00,GPU-DEMO-0001,tritonserver,79.406,74.197,189.959,0.455,model-registry.internal,True,False,False,True,sentinel-7b-demo,False,untrusted_gpu,benign,train
2026-08-12T13:05:00+00:00,evt-untruste-0157,user-05,job-01,ctr-01,GPU-DEMO-0002,python-train,75.397,67.595,246.056,0.139,model-registry.internal,True,False,False,True,sentinel-7b-demo,False,untrusted_gpu,benign,test
2026-08-12T13:10:00+00:00,evt-untruste-0158,user-06,job-02,ctr-02,GPU-DEMO-0003,python-train,56.888,77.104,254.102,0.217,model-registry.internal,True,False,False,True,sentinel-7b-demo,False,untrusted_gpu,benign,train
2026-08-12T13:15:00+00:00,evt-untruste-0159,user-07,job-03,ctr-03,GPU-DEMO-0001,tritonserver,86.481,70.162,217.567,0.608,model-registry.internal,True,False,False,True,sentinel-7b-demo,False,untrusted_gpu,benign,train
2026-08-12T13:20:00+00:00,evt-untruste-0160,user-00,job-04,ctr-04,GPU-DEMO-0002,python-train,69.982,73.9,250.972,0.487,model-registry.internal,True,False,False,True,sentinel-7b-demo,False,untrusted_gpu,benign,train
2026-08-12T13:25:00+00:00,evt-untruste-0161,user-01,job-05,ctr-05,GPU-DEMO-0003,python-train,66.661,68.532,225.636,0.218,model-registry.internal,True,False,False,True,sentinel-7b-demo,False,untrusted_gpu,benign,train
2026-08-12T13:30:00+00:00,evt-untruste-0162,user-02,job-06,ctr-06,GPU-DEMO-0001,tritonserver,73.963,71.126,231.647,0.208,model-registry.internal,True,False,False,True,sentinel-7b-demo,False,untrusted_gpu,benign,train
2026-08-12T13:35:00+00:00,evt-untruste-0163,user-03,job-07,ctr-07,GPU-DEMO-0002,python-train,57.865,81.599,242.961,0.263,model-registry.internal,True,False,False,True,sentinel-7b-demo,False,untrusted_gpu,benign,test
2026-08-12T13:40:00+00:00,evt-untruste-0164,user-04,job-08,ctr-08,GPU-DEMO-0003,python-train,53.181,67.387,168.832,0.159,model-registry.internal,True,False,False,True,sentinel-7b-demo,False,untrusted_gpu,benign,train
2026-08-12T13:45:00+00:00,evt-untruste-0165,user-05,job-09,ctr-09,GPU-DEMO-0001,tritonserver,61.889,83.537,240.22,0.202,model-registry.internal,True,False,False,True,sentinel-7b-demo,False,untrusted_gpu,benign,train
2026-08-12T13:50:00+00:00,evt-untruste-0166,user-06,job-10,ctr-10,GPU-DEMO-0002,python-train,75.368,64.503,272.024,0.439,model-registry.internal,True,False,False,True,sentinel-7b-demo,False,untrusted_gpu,benign,train
2026-08-12T13:55:00+00:00,evt-untruste-0167,user-07,job-11,ctr-11,GPU-DEMO-0003,python-train,48.28,67.623,262.891,0.39,model-registry.internal,True,False,False,True,sentinel-7b-demo,False,untrusted_gpu,benign,train
2026-08-12T14:00:00+00:00,evt-untruste-0168,user-00,job-00,ctr-00,GPU-DEMO-0001,tritonserver,63.727,67.731,215.011,0.434,model-registry.internal,True,False,False,True,sentinel-7b-demo,False,untrusted_gpu,benign,train
2026-08-12T14:05:00+00:00,evt-untruste-0169,user-01,job-01,ctr-01,GPU-DEMO-0002,python-train,70.369,85.382,301.388,0.464,model-registry.internal,True,False,False,True,sentinel-7b-demo,False,untrusted_gpu,benign,test
2026-08-12T14:10:00+00:00,evt-untruste-0170,user-02,job-02,ctr-02,GPU-DEMO-0003,python-train,71.542,70.598,247.564,0.189,model-registry.internal,True,False,False,True,sentinel-7b-demo,False,untrusted_gpu,benign,train
2026-08-12T14:15:00+00:00,evt-untruste-0171,user-03,job-03,ctr-03,GPU-DEMO-0001,tritonserver,72.616,77.923,251.775,0.24,model-registry.internal,True,False,False,True,sentinel-7b-demo,False,untrusted_gpu,benign,train
2026-08-12T14:20:00+00:00,evt-untruste-0172,user-04,job-04,ctr-04,GPU-DEMO-0002,python-train,68.236,66.782,241.002,0.399,model-registry.internal,True,False,False,True,sentinel-7b-demo,False,untrusted_gpu,benign,train
2026-08-12T14:25:00+00:00,evt-untruste-0173,user-05,job-05,ctr-05,GPU-DEMO-0003,python-train,50.559,74.593,254.567,0.33,model-registry.internal,True,False,False,True,sentinel-7b-demo,False,untrusted_gpu,benign,train
2026-08-12T14:30:00+00:00,evt-untruste-0174,user-06,job-06,ctr-06,GPU-DEMO-0001,tritonserver,65.876,65.751,247.447,0.345,model-registry.internal,True,False,False,True,sentinel-7b-demo,False,untrusted_gpu,benign,train
2026-08-12T14:35:00+00:00,evt-untruste-0175,user-07,job-07,ctr-07,GPU-DEMO-0002,python-train,49.628,75.38,266.505,0.245,model-registry.internal,True,False,False,True,sentinel-7b-demo,False,untrusted_gpu,benign,test
2026-08-12T14:40:00+00:00,evt-untruste-0176,user-00,job-08,ctr-08,GPU-DEMO-0003,python-train,87.237,70.749,257.209,0.265,model-registry.internal,True,False,False,True,sentinel-7b-demo,False,untrusted_gpu,benign,train
2026-08-12T14:45:00+00:00,evt-untruste-0177,user-01,job-09,ctr-09,GPU-DEMO-0001,tritonserver,74.955,72.509,215.539,0.296,model-registry.internal,True,False,False,True,sentinel-7b-demo,False,untrusted_gpu,benign,train
2026-08-12T14:50:00+00:00,evt-untruste-0178,user-02,job-10,ctr-10,GPU-DEMO-0002,python-train,62.845,79.014,284.871,0.27,model-registry.internal,True,False,False,True,sentinel-7b-demo,False,untrusted_gpu,benign,train
2026-08-12T14:55:00+00:00,evt-untruste-0179,user-03,job-11,ctr-11,GPU-DEMO-0003,python-train,88.652,69.591,226.043,0.473,model-registry.internal,True,False,False,True,sentinel-7b-demo,False,untrusted_gpu,benign,train
2026-08-12T15:00:00+00:00,evt-untruste-0180,user-04,job-00,ctr-00,GPU-DEMO-0001,tritonserver,40.809,72.063,274.24,0.429,model-registry.internal,True,False,False,True,sentinel-7b-demo,False,untrusted_gpu,benign,train
2026-08-12T15:05:00+00:00,evt-untruste-0181,user-05,job-01,ctr-01,GPU-DEMO-0002,python-train,68.709,67.541,224.58,1.142,model-registry.internal,True,False,False,True,sentinel-7b-demo,False,untrusted_gpu,benign,test
2026-08-12T15:10:00+00:00,evt-untruste-0182,user-06,job-02,ctr-02,GPU-DEMO-0003,python-train,71.843,70.589,240.136,0.404,model-registry.internal,True,False,False,True,sentinel-7b-demo,False,untrusted_gpu,benign,train
2026-08-12T15:15:00+00:00,evt-untruste-0183,user-07,job-03,ctr-03,GPU-DEMO-0001,tritonserver,71.581,78.718,244.852,0.287,model-registry.internal,True,False,False,True,sentinel-7b-demo,False,untrusted_gpu,benign,train
2026-08-12T15:20:00+00:00,evt-untruste-0184,user-00,job-04,ctr-04,GPU-DEMO-0002,python-train,62.904,72.289,220.826,0.216,model-registry.internal,True,False,False,True,sentinel-7b-demo,False,untrusted_gpu,benign,train
2026-08-12T15:25:00+00:00,evt-untruste-0185,user-01,job-05,ctr-05,GPU-DEMO-0003,python-train,61.151,69.853,219.937,0.57,model-registry.internal,True,False,False,True,sentinel-7b-demo,False,untrusted_gpu,benign,train
2026-08-12T15:30:00+00:00,evt-untruste-0186,user-02,job-06,ctr-06,GPU-DEMO-0001,tritonserver,61.007,70.38,231.554,0.453,model-registry.internal,True,False,False,True,sentinel-7b-demo,False,untrusted_gpu,benign,train
2026-08-12T15:35:00+00:00,evt-untruste-0187,user-03,job-07,ctr-07,GPU-DEMO-0002,python-train,66.276,83.236,224.589,0.217,model-registry.internal,True,False,False,True,sentinel-7b-demo,False,untrusted_gpu,benign,test
2026-08-12T15:40:00+00:00,evt-untruste-0188,user-04,job-08,ctr-08,GPU-DEMO-0003,python-train,65.212,68.876,255.237,0.29,model-registry.internal,True,False,False,True,sentinel-7b-demo,False,untrusted_gpu,benign,train
2026-08-12T15:45:00+00:00,evt-untruste-0189,user-05,job-09,ctr-09,GPU-DEMO-0001,tritonserver,49.282,65.17,248.776,0.171,model-registry.internal,True,False,False,True,sentinel-7b-demo,False,untrusted_gpu,benign,train
2026-08-12T15:50:00+00:00,evt-untruste-0190,user-06,job-10,ctr-10,GPU-DEMO-0002,python-train,66.058,78.582,210.709,0.342,model-registry.internal,True,False,False,True,sentinel-7b-demo,False,untrusted_gpu,benign,train
2026-08-12T15:55:00+00:00,evt-untruste-0191,user-07,job-11,ctr-11,GPU-DEMO-0003,python-train,55.838,82.082,252.684,0.302,model-registry.internal,True,False,False,True,sentinel-7b-demo,False,untrusted_gpu,benign,train
2026-08-12T16:00:00+00:00,evt-untruste-0192,user-00,job-00,ctr-00,GPU-DEMO-0001,tritonserver,68.779,60.048,287.196,0.143,model-registry.internal,True,False,False,True,sentinel-7b-demo,False,untrusted_gpu,benign,train
2026-08-12T16:05:00+00:00,evt-untruste-0193,user-01,job-01,ctr-01,GPU-DEMO-0002,python-train,58.216,83.862,189.931,0.138,model-registry.internal,True,False,False,True,sentinel-7b-demo,False,untrusted_gpu,benign,test
2026-08-12T16:10:00+00:00,evt-untruste-0194,user-02,job-02,ctr-02,GPU-DEMO-0003,python-train,63.565,59.809,210.99,0.115,model-registry.internal,True,False,False,True,sentinel-7b-demo,False,untrusted_gpu,benign,train
2026-08-12T16:15:00+00:00,evt-untruste-0195,user-03,job-03,ctr-03,GPU-DEMO-0001,tritonserver,79.008,77.53,233.322,0.166,model-registry.internal,True,False,False,True,sentinel-7b-demo,False,untrusted_gpu,benign,train
2026-08-12T16:20:00+00:00,evt-untruste-0196,user-04,job-04,ctr-04,GPU-DEMO-0002,python-train,89.052,62.362,235.4,0.526,model-registry.internal,True,False,False,True,sentinel-7b-demo,False,untrusted_gpu,benign,train
2026-08-12T16:25:00+00:00,evt-untruste-0197,user-05,job-05,ctr-05,GPU-DEMO-0003,python-train,79.089,66.187,228.087,0.213,model-registry.internal,True,False,False,True,sentinel-7b-demo,False,untrusted_gpu,benign,train
2026-08-12T16:30:00+00:00,evt-untruste-0198,user-06,job-06,ctr-06,GPU-DEMO-0001,tritonserver,79.379,68.54,231.322,0.555,model-registry.internal,True,False,False,True,sentinel-7b-demo,False,untrusted_gpu,benign,train
2026-08-12T16:35:00+00:00,evt-untruste-0199,user-07,job-07,ctr-07,GPU-DEMO-0002,python-train,67.807,75.562,228.35,0.127,model-registry.internal,True,False,False,True,sentinel-7b-demo,False,untrusted_gpu,benign,test
2026-08-12T16:40:00+00:00,evt-untruste-0200,user-00,job-08,ctr-08,GPU-DEMO-0003,python-train,69.823,75.837,250.562,0.43,model-registry.internal,True,False,False,True,sentinel-7b-demo,False,untrusted_gpu,benign,train
2026-08-12T16:45:00+00:00,evt-untruste-0201,user-01,job-09,ctr-09,GPU-DEMO-0001,tritonserver,60.967,73.662,216.483,0.449,model-registry.internal,True,False,False,True,sentinel-7b-demo,False,untrusted_gpu,benign,train
2026-08-12T16:50:00+00:00,evt-untruste-0202,user-02,job-10,ctr-10,GPU-DEMO-0002,python-train,71.244,63.109,233.213,0.121,model-registry.internal,True,False,False,True,sentinel-7b-demo,False,untrusted_gpu,benign,train
2026-08-12T16:55:00+00:00,evt-untruste-0203,user-03,job-11,ctr-11,GPU-DEMO-0003,python-train,55.325,83.593,228.987,0.395,model-registry.internal,True,False,False,True,sentinel-7b-demo,False,untrusted_gpu,benign,train
2026-08-12T17:00:00+00:00,evt-untruste-0204,user-04,job-00,ctr-00,GPU-DEMO-0001,tritonserver,75.225,69.6,204.702,0.326,model-registry.internal,True,False,False,True,sentinel-7b-demo,False,untrusted_gpu,benign,train
2026-08-12T17:05:00+00:00,evt-untruste-0205,user-05,job-01,ctr-01,GPU-DEMO-0002,python-train,51.983,69.358,176.426,0.212,model-registry.internal,True,False,False,True,sentinel-7b-demo,False,untrusted_gpu,benign,test
2026-08-12T17:10:00+00:00,evt-untruste-0206,user-06,job-02,ctr-02,GPU-DEMO-0003,python-train,74.424,50.239,233.659,0.498,model-registry.internal,True,False,False,True,sentinel-7b-demo,False,untrusted_gpu,benign,train
2026-08-12T17:15:00+00:00,evt-untruste-0207,user-07,job-03,ctr-03,GPU-DEMO-0001,tritonserver,61.928,68.911,256.731,0.217,model-registry.internal,True,False,False,True,sentinel-7b-demo,False,untrusted_gpu,benign,train
2026-08-12T17:20:00+00:00,evt-untruste-0208,user-00,job-04,ctr-04,GPU-DEMO-0002,python-train,74.803,72.225,220.599,0.204,model-registry.internal,True,False,False,True,sentinel-7b-demo,False,untrusted_gpu,benign,train
2026-08-12T17:25:00+00:00,evt-untruste-0209,user-01,job-05,ctr-05,GPU-DEMO-0003,python-train,61.776,75.923,243.775,0.387,model-registry.internal,True,False,False,True,sentinel-7b-demo,False,untrusted_gpu,benign,train
2026-08-12T17:30:00+00:00,evt-untruste-0210,user-02,job-06,ctr-06,GPU-DEMO-0001,tritonserver,57.192,71.553,259.945,0.263,model-registry.internal,True,False,False,True,sentinel-7b-demo,False,untrusted_gpu,benign,train
2026-08-12T17:35:00+00:00,evt-untruste-0211,user-03,job-07,ctr-07,GPU-DEMO-0002,python-train,60.133,74.844,261.259,1.11,model-registry.internal,True,False,False,True,sentinel-7b-demo,False,untrusted_gpu,benign,test
2026-08-12T17:40:00+00:00,evt-untruste-0212,user-04,job-08,ctr-08,GPU-DEMO-0003,python-train,62.109,80.706,241.864,0.422,model-registry.internal,True,False,False,True,sentinel-7b-demo,False,untrusted_gpu,benign,train
2026-08-12T17:45:00+00:00,evt-untruste-0213,user-05,job-09,ctr-09,GPU-DEMO-0001,tritonserver,67.284,55.859,229.815,0.36,model-registry.internal,True,False,False,True,sentinel-7b-demo,False,untrusted_gpu,benign,train
2026-08-12T17:50:00+00:00,evt-untruste-0214,user-06,job-10,ctr-10,GPU-DEMO-0002,python-train,53.848,76.702,206.705,0.333,model-registry.internal,True,False,False,True,sentinel-7b-demo,False,untrusted_gpu,benign,train
2026-08-12T17:55:00+00:00,evt-untruste-0215,user-07,job-11,ctr-11,GPU-DEMO-0003,python-train,75.533,68.463,225.756,0.277,model-registry.internal,True,False,False,True,sentinel-7b-demo,False,untrusted_gpu,benign,train
2026-08-12T18:00:00+00:00,evt-untruste-0216,user-00,job-00,ctr-00,GPU-DEMO-0001,tritonserver,52.56,65.824,269.913,0.478,model-registry.internal,True,False,False,True,sentinel-7b-demo,False,untrusted_gpu,benign,train
2026-08-12T18:05:00+00:00,evt-untruste-0217,user-01,job-01,ctr-01,GPU-DEMO-0002,python-train,73.921,76.801,193.673,0.509,model-registry.internal,True,False,False,True,sentinel-7b-demo,False,untrusted_gpu,benign,test
2026-08-12T18:10:00+00:00,evt-untruste-0218,user-02,job-02,ctr-02,GPU-DEMO-0003,python-train,69.211,65.32,250.531,0.171,model-registry.internal,True,False,False,True,sentinel-7b-demo,False,untrusted_gpu,benign,train
2026-08-12T18:15:00+00:00,evt-untruste-0219,user-03,job-03,ctr-03,GPU-DEMO-0001,tritonserver,48.569,74.112,223.937,0.259,model-registry.internal,True,False,False,True,sentinel-7b-demo,False,untrusted_gpu,benign,train
